rank,word,freq
1,the,50033612
2,be,32394756
3,and,24778098
4,a,24225478
5,of,23159162
6,to,16770155
7,in,15670692
8,i,14217601
9,you,12079413
10,it,11042044
11,have,10514314
12,to,9232572
13,that,8319512
14,for,8194970
15,do,8186412
16,he,6467470
17,with,6442861
18,on,6080156
19,this,5541440
20,n't,5285354
21,we,5180711
22,that,5002963
23,not,4655980
24,but,4523086
25,they,4503650
26,say,4096416
27,at,4024079
28,what,3807502
29,his,3718978
30,from,3711425
31,go,3546732
32,or,3420339
33,by,3372222
34,get,3347615
35,she,3188078
36,my,3106939
37,can,3091046
38,as,2946119
39,know,2761628
40,if,2709809
41,me,2638743
42,your,2577505
43,all,2503556
44,who,2493429
45,about,2427703
46,their,2417058
47,will,2372215
48,so,2369749
49,would,2349400
50,make,2290830
51,just,2270900
52,up,2108756
53,think,2077762
54,time,2018725
55,there,1980173
56,see,1958700
57,her,1931189
58,as,1880190
59,out,1828593
60,one,1816593
61,come,1802158
62,people,1800205
63,take,1768822
64,year,1729962
65,him,1717209
66,them,1701589
67,some,1684262
68,want,1671524
69,how,1666469
70,when,1650353
71,which,1613281
72,now,1601991
73,like,1583444
74,other,1539952
75,could,1529795
76,our,1467955
77,into,1461573
78,here,1413594
79,then,1344434
80,than,1342798
81,look,1338475
82,way,1260011
83,more,1248955
84,these,1223310
85,no,1206112
86,thing,1202004
87,well,1189096
88,because,1167024
89,also,1142799
90,two,1139973
91,use,1126042
92,tell,1119692
93,good,1111721
94,first,1101803
95,man,1091176
96,day,1068902
97,find,1051936
98,give,1048189
99,more,1037966
100,new,1017175
101,one,999446
102,us,992207
103,any,981535
104,those,964458
105,very,963552
106,her,959780
107,need,945498
108,back,938649
109,there,932354
110,should,920908
111,even,920346
112,only,905093
113,many,903833
114,really,895900
115,work,854095
116,life,852257
117,why,832911
118,right,830729
119,down,820294
120,on,818739
121,try,795248
122,let,780929
123,something,779903
124,too,771375
125,call,768117
126,woman,759817
127,may,757742
128,still,757548
129,through,752325
130,mean,748840
131,after,745154
132,never,744608
133,no,743203
134,world,732511
135,in,726590
136,feel,722826
137,yeah,703928
138,great,696589
139,last,692989
140,child,685426
141,oh,685234
142,over,679617
143,ask,676596
144,when,669530
145,as,662376
146,school,660191
147,state,638012
148,much,636642
149,talk,635614
150,out,634959
151,keep,626487
152,leave,622651
153,put,616952
154,like,614691
155,help,606887
156,big,600364
157,where,597351
158,same,592441
159,all,591610
160,own,579172
161,while,579023
162,start,578246
163,three,570885
164,high,567720
165,every,567233
166,another,565094
167,become,561963
168,most,561354
169,between,558517
170,happen,552797
171,family,544520
172,over,538724
173,president,538319
174,old,537424
175,yes,537066
176,house,537037
177,show,536889
178,again,530706
179,student,530196
180,so,523232
181,seem,522940
182,might,521992
183,part,517693
184,hear,516483
185,its,511922
186,place,508803
187,problem,504175
188,where,500755
189,believe,500511
190,country,499369
191,always,492943
192,week,484834
193,point,484094
194,hand,481332
195,off,479459
196,play,478740
197,turn,477668
198,few,472804
199,group,470971
200,such,468655
201,against,467705
202,run,465066
203,guy,464082
204,about,462995
205,case,458383
206,question,457301
207,work,456169
208,night,452094
209,live,450380
210,game,445149
211,number,444412
212,write,439865
213,bring,439445
214,without,438567
215,money,437583
216,lot,437545
217,most,435849
218,book,435387
219,system,435303
220,government,434971
221,next,433864
222,city,433843
223,company,432469
224,story,432184
225,today,431562
226,job,430995
227,move,430324
228,must,427796
229,bad,426558
230,friend,423755
231,during,423624
232,begin,421878
233,love,417532
234,each,414659
235,hold,413837
236,different,413578
237,american,410698
238,little,404660
239,before,402959
240,ever,402590
241,word,402216
242,fact,399574
243,right,389906
244,read,386137
245,anything,384508
246,nothing,383744
247,sure,383701
248,small,382563
249,month,381833
250,program,375708
251,maybe,374325
252,right,373934
253,under,373903
254,business,373744
255,home,370758
256,kind,367584
257,stop,366567
258,pay,365255
259,study,364915
260,since,363805
261,issue,362137
262,name,361916
263,idea,358006
264,room,357682
265,percent,357515
266,far,357192
267,away,355515
268,law,354958
269,actually,353857
270,large,353703
271,though,352608
272,provide,351941
273,lose,351650
274,power,351483
275,kid,351451
276,war,350575
277,understand,349141
278,head,348664
279,mother,348470
280,real,348239
281,best,348202
282,team,348063
283,eye,347153
284,long,345462
285,long,345005
286,side,342841
287,water,342574
288,young,341002
289,wait,339926
290,okay,339699
291,both,338454
292,yet,338408
293,after,334050
294,meet,333954
295,service,332313
296,area,331866
297,important,331646
298,person,330987
299,hey,330236
300,thank,330129
301,much,329230
302,someone,328998
303,end,328699
304,change,327637
305,however,326015
306,only,325917
307,around,324064
308,hour,323999
309,everything,323760
310,national,321960
311,four,319834
312,line,319492
313,girl,319120
314,around,318942
315,watch,318772
316,until,318392
317,father,318173
318,sit,315022
319,create,314631
320,information,314341
321,car,313437
322,learn,312649
323,least,311569
324,already,311502
325,kill,307305
326,minute,306541
327,party,304325
328,include,304197
329,stand,303462
330,together,302942
331,back,302390
332,follow,300266
333,health,300262
334,remember,298221
335,often,295709
336,reason,295577
337,speak,295523
338,ago,294921
339,set,293144
340,black,293101
341,member,292596
342,community,290489
343,once,290446
344,social,290372
345,news,289175
346,allow,288559
347,win,288308
348,body,287817
349,lead,285740
350,continue,282352
351,whether,280973
352,enough,280789
353,spend,280371
354,level,279770
355,able,279559
356,political,279410
357,almost,279393
358,boy,279283
359,university,279132
360,before,276286
361,stay,275504
362,add,275233
363,later,274178
364,change,274132
365,five,270274
366,probably,269732
367,center,268821
368,among,267798
369,face,266458
370,public,265061
371,die,264537
372,food,262697
373,else,261804
374,history,261045
375,buy,260201
376,result,259961
377,morning,259129
378,off,258852
379,parent,258181
380,office,258157
381,course,257245
382,send,256309
383,research,255123
384,walk,253671
385,door,252623
386,white,251664
387,several,251543
388,court,250891
389,home,250331
390,grow,248803
391,better,247453
392,open,247043
393,moment,246362
394,including,245445
395,consider,244644
396,both,244397
397,such,244165
398,little,244049
399,within,243714
400,second,243485
401,late,242755
402,street,242552
403,free,242338
404,better,241827
405,everyone,241313
406,policy,240181
407,table,238887
408,sorry,237541
409,care,237259
410,low,237027
411,human,236187
412,please,236175
413,hope,235945
414,TRUE,235467
415,process,235304
416,teacher,234642
417,data,234516
418,offer,234189
419,death,233153
420,whole,233110
421,experience,232376
422,plan,231629
423,easy,231262
424,education,231036
425,build,230071
426,expect,229855
427,fall,229161
428,himself,228757
429,age,228610
430,hard,228234
431,sense,226539
432,across,226402
433,show,225884
434,early,224665
435,college,224634
436,music,222767
437,appear,221287
438,mind,220441
439,class,219160
440,police,219041
441,use,218006
442,effect,217999
443,season,217695
444,tax,217131
445,heart,216345
446,son,216216
447,art,215981
448,possible,213803
449,serve,213511
450,break,213364
451,although,212390
452,end,212174
453,market,210848
454,even,210702
455,air,210307
456,force,210010
457,require,209616
458,foot,209334
459,up,209243
460,listen,208819
461,agree,208506
462,according,208405
463,anyone,207907
464,baby,207577
465,wrong,206856
466,love,206700
467,cut,205886
468,decide,205447
469,republican,204793
470,full,204252
471,behind,203530
472,pass,203033
473,interest,202642
474,sometimes,201833
475,security,201542
476,eat,201315
477,report,201020
478,control,200879
479,rate,200828
480,local,200668
481,suggest,200560
482,report,200188
483,nation,200021
484,sell,198982
485,action,198530
486,support,198185
487,wife,197306
488,decision,196426
489,receive,196239
490,value,195639
491,base,195474
492,pick,195443
493,phone,194941
494,thanks,194839
495,event,194748
496,drive,194360
497,strong,193876
498,reach,193684
499,remain,193577
500,explain,193276
501,site,193251
502,hit,192969
503,pull,192457
504,church,191872
505,model,191448
506,perhaps,191398
507,relationship,191344
508,six,191200
509,fine,190779
510,movie,190773
511,field,190489
512,raise,190353
513,less,190003
514,player,189280
515,couple,189272
516,million,188521
517,themselves,188414
518,record,187057
519,especially,186130
520,difference,185310
521,light,185287
522,development,185238
523,federal,185144
524,former,185057
525,role,184483
526,pretty,183711
527,myself,183232
528,view,182417
529,price,181918
530,effort,181751
531,nice,181568
532,quite,181432
533,along,181372
534,voice,181328
535,finally,181233
536,department,181181
537,either,181133
538,toward,180784
539,leader,180573
540,because,178859
541,photo,177976
542,wear,177786
543,space,177126
544,project,177076
545,return,176787
546,position,176578
547,special,176515
548,million,175586
549,film,175442
550,need,175440
551,major,175432
552,type,173975
553,town,173905
554,article,173819
555,road,173413
556,form,173161
557,chance,172820
558,drug,172756
559,economic,172153
560,situation,171026
561,choose,170716
562,practice,170654
563,cause,170629
564,happy,170573
565,science,170488
566,join,170302
567,teach,169673
568,early,169653
569,develop,168894
570,share,168892
571,yourself,168841
572,carry,168820
573,clear,168587
574,brother,167417
575,matter,167351
576,dead,167302
577,image,167053
578,star,167036
579,cost,166775
580,simply,166556
581,post,166265
582,society,165769
583,picture,165703
584,piece,165538
585,paper,165070
586,energy,164622
587,personal,164270
588,building,164119
589,military,163555
590,open,163231
591,doctor,163129
592,activity,162943
593,exactly,162663
594,american,162614
595,media,162177
596,miss,162066
597,evidence,162050
598,product,161999
599,realize,161762
600,save,161469
601,arm,161185
602,technology,160819
603,catch,160594
604,comment,160451
605,look,160145
606,term,160014
607,color,160011
608,cover,159606
609,describe,159521
610,guess,159454
611,choice,159277
612,source,158588
613,mom,158511
614,soon,158194
615,director,158028
616,international,157724
617,rule,157468
618,campaign,157373
619,ground,156706
620,election,156532
621,face,156455
622,uh,156333
623,check,155591
624,page,154863
625,fight,154643
626,itself,154505
627,test,154189
628,patient,154125
629,produce,154082
630,certain,154059
631,whatever,153872
632,half,153688
633,video,153563
634,support,152769
635,throw,152388
636,third,152339
637,care,152255
638,rest,151864
639,recent,151697
640,available,151406
641,step,151394
642,ready,151349
643,opportunity,151226
644,official,150423
645,oil,150410
646,call,149896
647,organization,149261
648,character,148825
649,single,148796
650,current,148387
651,likely,148216
652,county,148165
653,future,147923
654,dad,147520
655,whose,147491
656,less,147290
657,shoot,147137
658,industry,146746
659,second,146634
660,list,146495
661,general,146275
662,stuff,145992
663,figure,145812
664,attention,145669
665,forget,145557
666,risk,145334
667,no,144919
668,focus,144896
669,short,144842
670,fire,144750
671,dog,144648
672,red,144046
673,hair,143875
674,point,143750
675,condition,143732
676,wall,143389
677,daughter,142747
678,before,142673
679,deal,142589
680,author,142352
681,truth,142017
682,upon,141420
683,husband,141289
684,period,141173
685,series,140231
686,order,140025
687,officer,139938
688,close,139704
689,land,139579
690,note,139111
691,computer,139082
692,thought,139016
693,economy,138752
694,goal,138693
695,bank,138673
696,behavior,138400
697,sound,138386
698,deal,138197
699,certainly,138162
700,nearly,138034
701,increase,137709
702,act,137668
703,north,137666
704,well,137599
705,blood,137579
706,culture,137140
707,medical,136850
708,ok,136788
709,everybody,136787
710,top,136658
711,difficult,136474
712,close,136431
713,language,136124
714,window,136043
715,response,135942
716,population,135733
717,lie,135712
718,tree,135666
719,park,135440
720,worker,135244
721,draw,135022
722,plan,135011
723,drop,134220
724,push,134206
725,earth,134202
726,cause,133998
727,per,133974
728,private,133907
729,tonight,133341
730,race,133182
731,than,133168
732,letter,132828
733,other,132728
734,gun,132572
735,simple,132004
736,course,131911
737,wonder,131649
738,involve,131275
739,hell,131265
740,poor,131105
741,each,130754
742,answer,130534
743,nature,130378
744,administration,130297
745,common,130294
746,no,130206
747,hard,129919
748,message,129799
749,song,129648
750,enjoy,129575
751,similar,129272
752,congress,128923
753,attack,128893
754,past,128832
755,hot,128310
756,seek,128234
757,amount,128075
758,analysis,128029
759,store,127984
760,defense,127924
761,bill,127919
762,like,127828
763,cell,127818
764,away,127427
765,performance,127318
766,hospital,127317
767,bed,127232
768,board,127202
769,protect,126672
770,century,126668
771,summer,126418
772,material,126254
773,individual,125578
774,recently,125532
775,example,125442
776,represent,125330
777,fill,125249
778,state,125064
779,place,124900
780,animal,124835
781,fail,124675
782,factor,123915
783,natural,123788
784,sir,123629
785,agency,123524
786,usually,123303
787,significant,123040
788,help,123017
789,ability,122943
790,mile,122899
791,statement,122852
792,entire,122397
793,democrat,122325
794,floor,122291
795,serious,122251
796,career,122177
797,dollar,121984
798,vote,121578
799,sex,121352
800,compare,120978
801,south,120894
802,forward,120845
803,subject,120773
804,financial,120726
805,identify,120690
806,beautiful,120679
807,decade,120539
808,bit,120467
809,reduce,120399
810,sister,120346
811,quality,120236
812,quickly,120136
813,act,119650
814,press,119485
815,worry,119256
816,accept,119245
817,enter,119119
818,mention,119033
819,sound,119028
820,thus,118653
821,plant,118323
822,movement,118118
823,scene,118003
824,section,117170
825,treatment,116893
826,wish,116884
827,benefit,116806
828,interesting,116773
829,west,116683
830,candidate,116347
831,approach,116173
832,determine,116138
833,resource,116078
834,claim,116020
835,answer,115956
836,prove,115910
837,sort,115486
838,enough,115462
839,size,115388
840,somebody,115363
841,knowledge,115356
842,rather,115104
843,hang,114959
844,sport,114894
845,tv,114859
846,loss,114630
847,argue,114425
848,left,114320
849,note,114251
850,meeting,114209
851,skill,113912
852,card,113472
853,feeling,113414
854,despite,113257
855,degree,113046
856,crime,112978
857,that,112903
858,sign,112603
859,occur,112575
860,imagine,112572
861,vote,112405
862,near,112214
863,king,112088
864,box,112035
865,present,111731
866,figure,111647
867,seven,111646
868,foreign,111509
869,laugh,111440
870,disease,111433
871,lady,111384
872,beyond,111221
873,discuss,111181
874,finish,111094
875,design,111026
876,concern,110976
877,ball,110770
878,east,110589
879,recognize,110405
880,apply,110328
881,prepare,110266
882,network,110210
883,huge,110088
884,success,110030
885,district,109941
886,cup,109915
887,name,109851
888,physical,109576
889,growth,109567
890,rise,109035
891,hi,108665
892,standard,107818
893,force,107636
894,sign,107633
895,fan,107631
896,theory,107486
897,staff,107396
898,hurt,107262
899,legal,107134
900,september,106932
901,set,106920
902,outside,106572
903,et,106546
904,strategy,106236
905,clearly,105965
906,property,105851
907,lay,105812
908,final,105688
909,authority,105586
910,perfect,105560
911,method,105544
912,region,105382
913,since,105367
914,impact,105330
915,indicate,105304
916,safe,105273
917,committee,105133
918,supposed,105037
919,dream,104797
920,training,104563
921,shit,104498
922,central,104403
923,option,104245
924,eight,104060
925,particularly,104018
926,completely,103941
927,opinion,103920
928,main,103803
929,ten,103677
930,interview,103566
931,exist,103550
932,remove,103480
933,dark,103384
934,play,103352
935,union,102805
936,professor,102741
937,pressure,102669
938,purpose,102642
939,stage,102611
940,blue,102172
941,herself,102154
942,sun,102043
943,pain,101918
944,artist,101861
945,employee,101818
946,avoid,101794
947,account,101683
948,release,101668
949,fund,101503
950,environment,101479
951,treat,101438
952,specific,101222
953,version,101091
954,shot,101016
955,hate,100757
956,reality,100700
957,visit,100463
958,club,100411
959,justice,100360
960,river,100270
961,brain,100235
962,memory,100235
963,rock,100028
964,talk,99986
965,camera,99855
966,global,99848
967,various,99838
968,arrive,99819
969,notice,99709
970,bit,99520
971,detail,99477
972,challenge,99455
973,argument,99403
974,lot,99278
975,nobody,99029
976,weapon,98828
977,best,98807
978,station,98720
979,island,98596
980,absolutely,98574
981,instead,98540
982,discussion,98359
983,instead,98231
984,affect,98073
985,design,97967
986,little,97858
987,anyway,97831
988,respond,97750
989,control,97504
990,trouble,97439
991,conversation,97193
992,manage,97135
993,close,97117
994,date,97094
995,public,97031
996,army,97025
997,top,96997
998,post,96926
999,charge,96872
1000,seat,96853
1001,assume,96840
1002,writer,96279
1003,perform,96202
1004,credit,95981
1005,green,95937
1006,marriage,95885
1007,operation,95878
1008,indeed,95860
1009,sleep,95600
1010,necessary,95580
1011,reveal,95401
1012,agent,95371
1013,access,95371
1014,bar,95305
1015,debate,95244
1016,leg,95185
1017,contain,95143
1018,beat,94941
1019,cool,94920
1020,democratic,94862
1021,cold,94856
1022,glass,94803
1023,improve,94764
1024,adult,94547
1025,trade,94509
1026,religious,94485
1027,head,94408
1028,review,94364
1029,kind,94334
1030,address,94155
1031,association,94100
1032,measure,93952
1033,stock,93809
1034,gas,93763
1035,deep,93753
1036,lawyer,93526
1037,production,93507
1038,relate,93433
1039,middle,93428
1040,management,93289
1041,original,93230
1042,victim,93207
1043,cancer,93157
1044,speech,92837
1045,particular,92775
1046,trial,92762
1047,none,92729
1048,item,92545
1049,weight,92516
1050,tomorrow,92490
1051,step,92268
1052,positive,92223
1053,form,92198
1054,citizen,92182
1055,study,92101
1056,trip,91830
1057,establish,91776
1058,executive,91696
1059,politics,91621
1060,stick,91597
1061,customer,91563
1062,manager,91527
1063,rather,91475
1064,publish,91441
1065,popular,91435
1066,sing,91395
1067,ahead,91325
1068,conference,91185
1069,total,91071
1070,discover,90959
1071,fast,90956
1072,base,90915
1073,direction,90826
1074,sunday,90771
1075,maintain,90737
1076,past,90674
1077,majority,90548
1078,peace,90518
1079,dinner,90516
1080,partner,90455
1081,user,90342
1082,above,90318
1083,fly,90236
1084,bag,90234
1085,therefore,89981
1086,rich,89706
1087,individual,89686
1088,tough,89612
1089,owner,89612
1090,shall,89582
1091,inside,89494
1092,voter,89245
1093,tool,89236
1094,june,89233
1095,far,89074
1096,may,88994
1097,mountain,88984
1098,range,88892
1099,coach,88826
1100,fear,88724
1101,friday,88632
1102,attorney,88616
1103,unless,88605
1104,nor,88431
1105,expert,88134
1106,structure,88114
1107,budget,88084
1108,insurance,88036
1109,text,87811
1110,freedom,87806
1111,crazy,87804
1112,reader,87422
1113,style,87244
1114,through,87238
1115,march,87215
1116,machine,87156
1117,november,87108
1118,generation,87071
1119,income,86902
1120,born,86829
1121,admit,86631
1122,hello,86614
1123,onto,86605
1124,sea,86544
1125,okay,86529
1126,mouth,86406
1127,throughout,86381
1128,own,86371
1129,test,86155
1130,web,85868
1131,shake,85841
1132,threat,85754
1133,solution,85661
1134,shut,85625
1135,down,85515
1136,travel,85441
1137,scientist,85428
1138,hide,85395
1139,obviously,85364
1140,refer,85212
1141,alone,85036
1142,drink,84895
1143,investigation,84783
1144,senator,84544
1145,unit,84518
1146,photograph,84476
1147,july,84439
1148,television,84433
1149,key,84228
1150,sexual,84220
1151,radio,84218
1152,prevent,84179
1153,once,84165
1154,modern,83945
1155,senate,83931
1156,violence,83882
1157,touch,83871
1158,feature,83853
1159,audience,83493
1160,evening,83312
1161,whom,83267
1162,front,83180
1163,hall,82960
1164,task,82839
1165,score,82738
1166,skin,82598
1167,suffer,82579
1168,wide,82565
1169,spring,82557
1170,experience,82550
1171,civil,82544
1172,safety,82535
1173,weekend,82429
1174,while,82196
1175,worth,82178
1176,title,82165
1177,heat,82112
1178,normal,82076
1179,hope,81896
1180,yard,81852
1181,finger,81817
1182,tend,81665
1183,mission,81524
1184,eventually,81481
1185,participant,81371
1186,hotel,81364
1187,judge,81312
1188,pattern,81097
1189,break,81057
1190,institution,80998
1191,faith,80912
1192,professional,80903
1193,reflect,80851
1194,folk,80843
1195,surface,80819
1196,fall,80585
1197,client,80584
1198,edge,80577
1199,traditional,80470
1200,council,80469
1201,device,80398
1202,firm,80364
1203,environmental,80328
1204,responsibility,80294
1205,chair,80186
1206,internet,80144
1207,october,80099
1208,by,80074
1209,funny,79978
1210,immediately,79856
1211,investment,79833
1212,ship,79715
1213,effective,79635
1214,previous,79535
1215,content,79496
1216,consumer,79489
1217,element,79440
1218,nuclear,79435
1219,spirit,79123
1220,directly,79121
1221,afraid,78979
1222,define,78953
1223,handle,78899
1224,track,78828
1225,run,78645
1226,wind,78623
1227,lack,78587
1228,cost,78520
1229,announce,78426
1230,journal,78364
1231,heavy,78327
1232,ice,78316
1233,collection,78281
1234,feed,78280
1235,soldier,78276
1236,just,78214
1237,governor,78194
1238,fish,78114
1239,shoulder,78062
1240,cultural,78023
1241,successful,77999
1242,fair,77775
1243,trust,77728
1244,suddenly,77721
1245,future,77663
1246,interested,77632
1247,deliver,77338
1248,saturday,77290
1249,editor,77280
1250,fresh,77195
1251,anybody,77150
1252,destroy,77088
1253,claim,77050
1254,critical,77026
1255,agreement,76793
1256,powerful,76773
1257,researcher,76737
1258,concept,76679
1259,willing,76629
1260,band,76423
1261,marry,76412
1262,promise,76397
1263,easily,76348
1264,restaurant,76197
1265,league,76178
1266,senior,76109
1267,capital,76018
1268,anymore,75907
1269,april,75906
1270,potential,75838
1271,etc,75726
1272,quick,75637
1273,magazine,75615
1274,status,75577
1275,attend,75448
1276,replace,75439
1277,due,75368
1278,hill,75365
1279,kitchen,75167
1280,achieve,74946
1281,screen,74705
1282,generally,74681
1283,mistake,74643
1284,along,74461
1285,strike,74378
1286,battle,74296
1287,spot,74296
1288,basic,74208
1289,very,74143
1290,corner,74047
1291,target,73925
1292,driver,73902
1293,beginning,73853
1294,religion,73744
1295,crisis,73691
1296,count,73650
1297,museum,73559
1298,engage,73493
1299,communication,73413
1300,murder,73388
1301,blow,73361
1302,object,73304
1303,express,73274
1304,huh,73257
1305,encourage,73251
1306,matter,73171
1307,blog,73163
1308,smile,73137
1309,return,73109
1310,belief,73067
1311,block,73065
1312,debt,73015
1313,fire,72911
1314,labor,72759
1315,understanding,72651
1316,neighborhood,72625
1317,contract,72568
1318,middle,72563
1319,species,72542
1320,additional,72539
1321,sample,72489
1322,involved,72455
1323,inside,72435
1324,mostly,72378
1325,path,72335
1326,concerned,72309
1327,apple,72273
1328,conduct,72181
1329,god,72022
1330,wonderful,71940
1331,library,71921
1332,prison,71871
1333,hole,71837
1334,attempt,71833
1335,complete,71752
1336,code,71659
1337,sales,71601
1338,gift,71372
1339,refuse,71277
1340,increase,71248
1341,garden,71243
1342,introduce,71221
1343,roll,71123
1344,christian,71055
1345,definitely,70982
1346,like,70955
1347,lake,70940
1348,turn,70831
1349,sure,70758
1350,earn,70697
1351,plane,70679
1352,vehicle,70662
1353,examine,70501
1354,application,70441
1355,thousand,70404
1356,coffee,70366
1357,gain,70275
1358,result,70269
1359,file,70059
1360,billion,70048
1361,reform,70010
1362,ignore,70007
1363,welcome,69914
1364,gold,69903
1365,jump,69861
1366,planet,69822
1367,location,69669
1368,bird,69662
1369,amazing,69525
1370,principle,69403
1371,promote,69398
1372,search,69392
1373,nine,69389
1374,alive,69360
1375,possibility,69316
1376,sky,69285
1377,otherwise,69243
1378,remind,69182
1379,healthy,69023
1380,fit,68996
1381,horse,68883
1382,advantage,68866
1383,commercial,68821
1384,steal,68807
1385,basis,68758
1386,context,68668
1387,highly,68586
1388,christmas,68542
1389,strength,68537
1390,move,68522
1391,monday,68488
1392,mean,68411
1393,alone,68401
1394,beach,68303
1395,survey,68301
1396,writing,68200
1397,master,68182
1398,cry,68161
1399,scale,68139
1400,resident,68096
1401,football,68073
1402,sweet,67903
1403,failure,67885
1404,reporter,67831
1405,commit,67792
1406,fight,67767
1407,one,67755
1408,associate,67750
1409,vision,67714
1410,function,67710
1411,truly,67680
1412,sick,67645
1413,average,67618
1414,human,67605
1415,stupid,67597
1416,will,67581
1417,chinese,67573
1418,connection,67550
1419,camp,67510
1420,stone,67456
1421,hundred,67455
1422,key,67404
1423,truck,67403
1424,afternoon,67378
1425,responsible,67329
1426,secretary,67325
1427,apparently,67248
1428,smart,67232
1429,southern,67179
1430,totally,67117
1431,western,67085
1432,collect,67062
1433,conflict,67061
1434,burn,66886
1435,learning,66879
1436,wake,66773
1437,contribute,66772
1438,ride,66723
1439,british,66700
1440,following,66684
1441,order,66657
1442,share,66642
1443,newspaper,66598
1444,foundation,66578
1445,variety,66555
1446,perspective,66540
1447,document,66467
1448,presence,66412
1449,stare,66392
1450,lesson,66252
1451,limit,66220
1452,appreciate,66216
1453,complete,66198
1454,observe,66197
1455,currently,66051
1456,hundred,66002
1457,fun,65982
1458,crowd,65965
1459,attack,65959
1460,apartment,65884
1461,survive,65838
1462,guest,65818
1463,soul,65749
1464,protection,65690
1465,intelligence,65687
1466,yesterday,65635
1467,somewhere,65620
1468,border,65422
1469,reading,65417
1470,terms,65413
1471,leadership,65396
1472,present,65336
1473,chief,65311
1474,attitude,65288
1475,start,65218
1476,um,65033
1477,deny,64887
1478,website,64875
1479,seriously,64827
1480,actual,64818
1481,recall,64789
1482,fix,64728
1483,negative,64601
1484,connect,64462
1485,distance,64404
1486,regular,64293
1487,climate,64223
1488,relation,64199
1489,flight,64148
1490,dangerous,64067
1491,boat,64026
1492,aspect,63967
1493,grab,63946
1494,until,63882
1495,favorite,63804
1496,like,63748
1497,january,63714
1498,independent,63631
1499,volume,63626
1500,am,63615
1501,lots,63604
1502,front,63594
1503,online,63564
1504,theater,63549
1505,speed,63502
1506,aware,63488
1507,identity,63440
1508,demand,63402
1509,extra,63392
1510,charge,63379
1511,guard,63290
1512,demonstrate,63269
1513,fully,63238
1514,tuesday,63179
1515,facility,63117
1516,farm,62942
1517,mind,62869
1518,fun,62839
1519,thousand,62833
1520,august,62821
1521,hire,62794
1522,light,62687
1523,link,62629
1524,shoe,62523
1525,institute,62451
1526,below,62313
1527,living,62299
1528,european,62156
1529,quarter,62138
1530,basically,62046
1531,forest,61942
1532,multiple,61694
1533,poll,61677
1534,wild,61605
1535,measure,61601
1536,twice,61563
1537,cross,61522
1538,background,61431
1539,settle,61424
1540,winter,61394
1541,focus,61392
1542,presidential,61351
1543,operate,61296
1544,fuck,61292
1545,view,61111
1546,daily,61083
1547,shop,61038
1548,above,61018
1549,division,60892
1550,slowly,60889
1551,advice,60861
1552,reaction,60811
1553,injury,60769
1554,it,60763
1555,ticket,60721
1556,grade,60710
1557,wow,60702
1558,birth,60673
1559,painting,60548
1560,outcome,60498
1561,enemy,60473
1562,damage,60384
1563,being,60354
1564,storm,60280
1565,shape,60252
1566,bowl,60234
1567,commission,60218
1568,captain,60187
1569,ear,60160
1570,troop,60133
1571,female,60116
1572,wood,60115
1573,warm,60062
1574,clean,60059
1575,lead,59773
1576,minister,59752
1577,neighbor,59746
1578,tiny,59714
1579,mental,59701
1580,software,59696
1581,glad,59681
1582,finding,59632
1583,lord,59563
1584,drive,59524
1585,temperature,59493
1586,quiet,59485
1587,spread,59483
1588,bright,59449
1589,cut,59434
1590,influence,59350
1591,kick,59307
1592,annual,59301
1593,procedure,59288
1594,respect,59226
1595,wave,59169
1596,tradition,59099
1597,threaten,59034
1598,primary,58990
1599,strange,58863
1600,actor,58856
1601,blame,58815
1602,active,58801
1603,cat,58763
1604,depend,58725
1605,bus,58707
1606,clothes,58660
1607,affair,58553
1608,contact,58518
1609,category,58470
1610,topic,58410
1611,victory,58342
1612,direct,58289
1613,towards,58251
1614,map,58218
1615,egg,58198
1616,ensure,58156
1617,general,58129
1618,expression,58120
1619,past,58119
1620,session,58108
1621,competition,58102
1622,possibly,58071
1623,technique,58028
1624,mine,58009
1625,average,57985
1626,intend,57970
1627,impossible,57892
1628,moral,57787
1629,academic,57717
1630,wine,57614
1631,approach,57607
1632,somehow,57596
1633,gather,57562
1634,scientific,57547
1635,african,57497
1636,cook,57383
1637,participate,57361
1638,gay,57195
1639,appropriate,57163
1640,youth,57132
1641,dress,56967
1642,straight,56942
1643,weather,56939
1644,recommend,56938
1645,medicine,56814
1646,novel,56709
1647,obvious,56696
1648,thursday,56611
1649,exchange,56534
1650,explore,56474
1651,extend,56458
1652,bay,56420
1653,invite,56415
1654,tie,56394
1655,ah,56374
1656,belong,56342
1657,obtain,56312
1658,broad,56310
1659,conclusion,56296
1660,progress,56162
1661,surprise,56116
1662,assessment,55956
1663,smile,55936
1664,feature,55868
1665,cash,55856
1666,defend,55825
1667,pound,55670
1668,correct,55632
1669,married,55629
1670,pair,55530
1671,slightly,55389
1672,loan,55348
1673,village,55217
1674,half,55207
1675,suit,55200
1676,demand,55168
1677,historical,55028
1678,meaning,55014
1679,attempt,54992
1680,supply,54988
1681,lift,54954
1682,ourselves,54951
1683,honey,54912
1684,bone,54911
1685,consequence,54883
1686,unique,54827
1687,next,54768
1688,regulation,54726
1689,award,54712
1690,bottom,54701
1691,excuse,54672
1692,familiar,54651
1693,classroom,54542
1694,search,54487
1695,reference,54390
1696,emerge,54379
1697,long,54354
1698,lunch,54300
1699,judge,54271
1700,ad,54265
1701,desire,54265
1702,instruction,54207
1703,emergency,54204
1704,thinking,54200
1705,tour,54157
1706,french,54133
1707,combine,54133
1708,moon,54069
1709,sad,54041
1710,address,54018
1711,december,53957
1712,anywhere,53945
1713,chicken,53916
1714,fuel,53882
1715,train,53865
1716,abuse,53777
1717,construction,53745
1718,wednesday,53706
1719,link,53674
1720,deserve,53654
1721,famous,53575
1722,intervention,53351
1723,grand,53325
1724,visit,53262
1725,confirm,53256
1726,lucky,53231
1727,insist,53141
1728,coast,53114
1729,proud,53067
1730,cover,53057
1731,fourth,53036
1732,cop,52982
1733,angry,52980
1734,native,52950
1735,supreme,52933
1736,baseball,52864
1737,but,52830
1738,email,52826
1739,accident,52784
1740,front,52764
1741,duty,52673
1742,growing,52661
1743,struggle,52598
1744,revenue,52579
1745,expand,52529
1746,chief,52508
1747,launch,52479
1748,trend,52452
1749,ring,52405
1750,repeat,52290
1751,breath,52280
1752,inch,52275
1753,neck,52214
1754,core,52195
1755,terrible,52179
1756,billion,52087
1757,relatively,52070
1758,complex,51957
1759,press,51939
1760,miss,51928
1761,slow,51880
1762,soft,51824
1763,generate,51796
1764,extremely,51789
1765,last,51774
1766,drink,51766
1767,forever,51747
1768,corporate,51712
1769,deep,51692
1770,prefer,51684
1771,except,51607
1772,cheap,51588
1773,literature,51523
1774,direct,51486
1775,mayor,51481
1776,male,51453
1777,importance,51419
1778,record,51375
1779,danger,51331
1780,emotional,51327
1781,knee,51298
1782,ass,51238
1783,capture,51215
1784,traffic,51138
1785,fucking,51076
1786,outside,51030
1787,now,50991
1788,train,50975
1789,plate,50934
1790,equipment,50894
1791,select,50804
1792,file,50771
1793,studio,50758
1794,expensive,50744
1795,secret,50730
1796,engine,50724
1797,adopt,50605
1798,luck,50589
1799,via,50560
1800,pm,50551
1801,panel,50544
1802,hero,50520
1803,circle,50510
1804,critic,50462
1805,solve,50437
1806,busy,50363
1807,episode,50354
1808,back,50340
1809,check,50298
1810,requirement,50272
1811,politician,50171
1812,rain,50093
1813,colleague,50084
1814,disappear,50053
1815,beer,50024
1816,predict,50013
1817,exercise,49985
1818,tired,49972
1819,democracy,49951
1820,ultimately,49899
1821,setting,49873
1822,honor,49871
1823,works,49867
1824,unfortunately,49863
1825,theme,49821
1826,issue,49792
1827,male,49791
1828,clean,49764
1829,united,49746
1830,pool,49670
1831,educational,49636
1832,empty,49565
1833,comfortable,49532
1834,investigate,49473
1835,useful,49468
1836,pocket,49462
1837,digital,49461
1838,plenty,49361
1839,entirely,49352
1840,fear,49288
1841,afford,49246
1842,sugar,49230
1843,teaching,49167
1844,conservative,49144
1845,chairman,49123
1846,error,49042
1847,bridge,49030
1848,tall,48978
1849,specifically,48927
1850,flower,48912
1851,though,48909
1852,universe,48854
1853,live,48836
1854,acknowledge,48811
1855,limit,48738
1856,coverage,48693
1857,crew,48673
1858,locate,48581
1859,balance,48537
1860,equal,48522
1861,lip,48507
1862,lean,48484
1863,zone,48403
1864,wedding,48365
1865,copy,48365
1866,score,48316
1867,joke,48299
1868,used,48287
1869,clear,48273
1870,bear,48272
1871,meal,48158
1872,review,48123
1873,minority,48052
1874,sight,48022
1875,sleep,48020
1876,russian,48001
1877,dress,47994
1878,release,47967
1879,soviet,47917
1880,profit,47886
1881,challenge,47854
1882,careful,47847
1883,gender,47825
1884,tape,47805
1885,ocean,47773
1886,unidentified,47748
1887,host,47739
1888,grant,47729
1889,circumstance,47687
1890,late,47682
1891,boss,47643
1892,declare,47594
1893,domestic,47518
1894,tea,47503
1895,organize,47499
1896,english,47464
1897,neither,47463
1898,either,47446
1899,official,47368
1900,surround,47314
1901,manner,47282
1902,surprised,47267
1903,percentage,47208
1904,massive,47167
1905,cloud,47140
1906,winner,47124
1907,honest,47105
1908,standard,47085
1909,propose,47044
1910,rely,47026
1911,plus,46937
1912,sentence,46932
1913,request,46865
1914,appearance,46855
1915,regarding,46854
1916,excellent,46847
1917,criminal,46839
1918,salt,46825
1919,beauty,46819
1920,bottle,46801
1921,component,46800
1922,under,46799
1923,fee,46768
1924,jewish,46702
1925,yours,46632
1926,dry,46604
1927,dance,46601
1928,shirt,46579
1929,tip,46537
1930,plastic,46455
1931,indian,46454
1932,mark,46427
1933,tooth,46405
1934,meat,46401
1935,stress,46396
1936,illegal,46386
1937,significantly,46378
1938,february,46378
1939,constitution,46355
1940,definition,46347
1941,uncle,46291
1942,metal,46260
1943,album,46247
1944,self,46225
1945,suppose,46217
1946,investor,46202
1947,fruit,46189
1948,holy,46164
1949,desk,46133
1950,eastern,46071
1951,valley,46050
1952,largely,46002
1953,abortion,45934
1954,chapter,45911
1955,commitment,45809
1956,celebrate,45778
1957,arrest,45707
1958,dance,45680
1959,prime,45667
1960,urban,45632
1961,internal,45614
1962,bother,45596
1963,proposal,45546
1964,shift,45537
1965,capacity,45515
1966,guilty,45494
1967,warn,45485
1968,influence,45471
1969,weak,45461
1970,except,45458
1971,catholic,45444
1972,nose,45433
1973,variable,45399
1974,convention,45389
1975,jury,45342
1976,root,45327
1977,incident,45300
1978,climb,45263
1979,hearing,45235
1980,everywhere,45191
1981,payment,45132
1982,bear,45125
1983,conclude,45116
1984,scream,45103
1985,surgery,45042
1986,shadow,45022
1987,witness,44979
1988,increasingly,44978
1989,chest,44918
1990,amendment,44879
1991,paint,44842
1992,secret,44837
1993,complain,44829
1994,extent,44804
1995,pleasure,44800
1996,nod,44778
1997,holiday,44775
1998,super,44696
1999,talent,44687
2000,necessarily,44682
2001,liberal,44658
2002,expectation,44646
2003,ride,44508
2004,accuse,44491
2005,knock,44485
2006,previously,44480
2007,wing,44427
2008,corporation,44407
2009,sector,44401
2010,fat,44341
2011,experiment,44341
2012,match,44314
2013,thin,44274
2014,farmer,44255
2015,rare,44243
2016,english,44219
2017,confidence,44154
2018,bunch,43989
2019,bet,43896
2020,cite,43809
2021,northern,43805
2022,speaker,43781
2023,breast,43780
2024,contribution,43738
2025,leaf,43674
2026,creative,43673
2027,interaction,43639
2028,hat,43629
2029,doubt,43620
2030,promise,43606
2031,pursue,43595
2032,overall,43582
2033,nurse,43524
2034,question,43506
2035,long-term,43471
2036,gene,43463
2037,package,43448
2038,weird,43433
2039,difficulty,43423
2040,hardly,43416
2041,daddy,43376
2042,estimate,43344
2043,list,43341
2044,era,43331
2045,comment,43256
2046,aid,43250
2047,vs,43241
2048,invest,43235
2049,personally,43235
2050,notion,43225
2051,explanation,43197
2052,airport,43177
2053,chain,43156
2054,expose,43119
2055,lock,43093
2056,convince,43085
2057,channel,43041
2058,carefully,43034
2059,tear,43024
2060,estate,43023
2061,initial,42971
2062,offer,42944
2063,purchase,42921
2064,guide,42871
2065,forth,42832
2066,his,42776
2067,bond,42742
2068,birthday,42727
2069,travel,42709
2070,pray,42700
2071,improvement,42657
2072,ancient,42623
2073,ought,42597
2074,escape,42473
2075,trail,42439
2076,brown,42423
2077,fashion,42405
2078,length,42379
2079,sheet,42366
2080,funding,42356
2081,meanwhile,42307
2082,fault,42283
2083,barely,42258
2084,eliminate,42246
2085,motion,42232
2086,essential,42222
2087,apart,42168
2088,combination,42138
2089,limited,42129
2090,description,42091
2091,mix,42079
2092,snow,42027
2093,implement,42004
2094,pretty,41937
2095,proper,41810
2096,part,41783
2097,marketing,41781
2098,approve,41740
2099,other,41717
2100,bomb,41679
2101,slip,41664
2102,regional,41656
2103,lack,41652
2104,muscle,41650
2105,contact,41609
2106,rise,41609
2107,FALSE,41580
2108,likely,41540
2109,creation,41523
2110,typically,41485
2111,spending,41483
2112,instrument,41473
2113,mass,41453
2114,far,41427
2115,thick,41420
2116,kiss,41405
2117,increased,41356
2118,inspire,41223
2119,separate,41176
2120,noise,41144
2121,yellow,41133
2122,aim,41126
2123,e-mail,41092
2124,cycle,41088
2125,signal,41085
2126,app,41082
2127,golden,41056
2128,reject,41033
2129,inform,41031
2130,perception,41010
2131,visitor,41006
2132,cast,41004
2133,contrast,40982
2134,judgment,40961
2135,mean,40927
2136,rest,40908
2137,representative,40894
2138,pass,40865
2139,regime,40863
2140,merely,40843
2141,producer,40843
2142,whoa,40833
2143,route,40816
2144,lie,40794
2145,typical,40785
2146,analyst,40785
2147,account,40739
2148,elect,40738
2149,smell,40735
2150,female,40661
2151,living,40560
2152,disability,40559
2153,comparison,40525
2154,hand,40469
2155,rating,40458
2156,campus,40453
2157,assess,40352
2158,solid,40301
2159,branch,40300
2160,mad,40286
2161,somewhat,40283
2162,gentleman,40277
2163,opposition,40268
2164,fast,40261
2165,suspect,40173
2166,land,40144
2167,hit,40121
2168,aside,40119
2169,athlete,40094
2170,opening,40053
2171,prayer,40037
2172,frequently,40035
2173,employ,40014
2174,basketball,40007
2175,existing,39974
2176,revolution,39959
2177,click,39951
2178,emotion,39949
2179,fuck,39924
2180,platform,39915
2181,behind,39874
2182,frame,39817
2183,appeal,39798
2184,quote,39780
2185,potential,39779
2186,struggle,39777
2187,brand,39754
2188,enable,39743
2189,legislation,39690
2190,addition,39685
2191,lab,39668
2192,oppose,39656
2193,row,39635
2194,immigration,39570
2195,asset,39563
2196,observation,39551
2197,online,39528
2198,taste,39481
2199,decline,39480
2200,attract,39479
2201,ha,39473
2202,for,39453
2203,household,39430
2204,separate,39416
2205,breathe,39322
2206,existence,39315
2207,mirror,39284
2208,pilot,39272
2209,stand,39230
2210,relief,39223
2211,milk,39204
2212,warning,39194
2213,heaven,39105
2214,flow,39098
2215,literally,39094
2216,quit,39091
2217,calorie,39066
2218,seed,39062
2219,vast,38988
2220,bike,38920
2221,german,38898
2222,employer,38895
2223,drag,38895
2224,technical,38887
2225,disaster,38801
2226,display,38757
2227,sale,38751
2228,bathroom,38712
2229,succeed,38621
2230,consistent,38618
2231,agenda,38615
2232,enforcement,38612
2233,diet,38595
2234,mark,38593
2235,silence,38552
2236,journalist,38495
2237,bible,38492
2238,queen,38445
2239,divide,38426
2240,expense,38330
2241,cream,38234
2242,exposure,38231
2243,priority,38168
2244,soil,38159
2245,angel,38155
2246,journey,38098
2247,trust,38062
2248,relevant,38034
2249,tank,38032
2250,cheese,38025
2251,schedule,38022
2252,bedroom,37979
2253,tone,37956
2254,selection,37940
2255,date,37929
2256,perfectly,37923
2257,wheel,37921
2258,gap,37884
2259,veteran,37880
2260,below,37877
2261,disagree,37874
2262,characteristic,37848
2263,protein,37846
2264,resolution,37841
2265,whole,37840
2266,regard,37839
2267,fewer,37775
2268,engineer,37679
2269,walk,37624
2270,dish,37580
2271,waste,37529
2272,print,37504
2273,depression,37492
2274,dude,37467
2275,fat,37455
2276,present,37433
2277,upper,37419
2278,wrap,37396
2279,ceo,37374
2280,visual,37347
2281,initiative,37346
2282,rush,37327
2283,gate,37317
2284,slow,37312
2285,whenever,37287
2286,entry,37187
2287,japanese,37170
2288,gray,37161
2289,assistance,37154
2290,height,37131
2291,compete,37112
2292,rule,37088
2293,due,37060
2294,essentially,37053
2295,benefit,37025
2296,phase,37013
2297,conservative,36998
2298,recover,36947
2299,criticism,36941
2300,faculty,36906
2301,achievement,36879
2302,alcohol,36823
2303,therapy,36823
2304,offense,36790
2305,touch,36766
2306,killer,36754
2307,personality,36750
2308,landscape,36719
2309,deeply,36653
2310,reasonable,36622
2311,soon,36611
2312,suck,36572
2313,transition,36569
2314,fairly,36548
2315,column,36526
2316,wash,36491
2317,button,36451
2318,opponent,36412
2319,pour,36412
2320,immigrant,36379
2321,first,36365
2322,distribution,36338
2323,golf,36327
2324,pregnant,36303
2325,unable,36300
2326,alternative,36296
2327,favorite,36231
2328,stop,36214
2329,violent,36167
2330,portion,36150
2331,acquire,36094
2332,suicide,36059
2333,stretch,36058
2334,deficit,36029
2335,symptom,36021
2336,solar,35987
2337,complaint,35954
2338,capable,35954
2339,analyze,35948
2340,scared,35867
2341,supporter,35863
2342,dig,35841
2343,twenty,35825
2344,pretend,35824
2345,philosophy,35824
2346,childhood,35815
2347,lower,35791
2348,well,35789
2349,outside,35738
2350,dark,35705
2351,wealth,35662
2352,welfare,35639
2353,poverty,35629
2354,prosecutor,35613
2355,spiritual,35599
2356,double,35592
2357,evaluate,35577
2358,mass,35566
2359,israeli,35547
2360,shift,35516
2361,reply,35489
2362,buck,35423
2363,display,35418
2364,knife,35408
2365,round,35407
2366,tech,35394
2367,detective,35355
2368,pack,35348
2369,disorder,35345
2370,creature,35342
2371,tear,35320
2372,closely,35294
2373,industrial,35272
2374,housing,35224
2375,watch,35203
2376,chip,35203
2377,regardless,35166
2378,numerous,35164
2379,tie,35058
2380,range,35010
2381,command,35010
2382,shooting,34970
2383,dozen,34950
2384,pop,34932
2385,layer,34911
2386,bread,34840
2387,exception,34835
2388,passion,34825
2389,block,34808
2390,highway,34789
2391,pure,34741
2392,commander,34731
2393,extreme,34678
2394,publication,34656
2395,vice,34652
2396,fellow,34637
2397,win,34613
2398,mystery,34553
2399,championship,34425
2400,install,34402
2401,tale,34400
2402,liberty,34393
2403,host,34350
2404,beneath,34337
2405,passenger,34335
2406,physician,34292
2407,graduate,34285
2408,sharp,34272
2409,substance,34262
2410,atmosphere,34247
2411,stir,34231
2412,muslim,34226
2413,passage,34197
2414,pepper,34195
2415,emphasize,34190
2416,cable,34164
2417,square,34163
2418,recipe,34098
2419,load,34026
2420,beside,34005
2421,roof,34005
2422,vegetable,34000
2423,accomplish,33992
2424,silent,33973
2425,habit,33933
2426,discovery,33930
2427,total,33836
2428,recovery,33830
2429,dna,33819
2430,gain,33808
2431,territory,33787
2432,girlfriend,33779
2433,consist,33777
2434,straight,33764
2435,surely,33758
2436,proof,33755
2437,nervous,33745
2438,immediate,33745
2439,parking,33735
2440,sin,33703
2441,unusual,33695
2442,rice,33676
2443,engineering,33630
2444,advance,33626
2445,interview,33551
2446,bury,33531
2447,still,33525
2448,cake,33519
2449,anonymous,33517
2450,flag,33516
2451,contemporary,33482
2452,good,33457
2453,jail,33453
2454,rural,33383
2455,match,33368
2456,coach,33363
2457,interpretation,33342
2458,wage,33339
2459,breakfast,33309
2460,severe,33278
2461,profile,33259
2462,saving,33236
2463,brief,33229
2464,adjust,33205
2465,reduction,33167
2466,constantly,33167
2467,assist,33161
2468,bitch,33157
2469,constant,33090
2470,permit,33083
2471,primarily,33079
2472,entertainment,33057
2473,shout,33053
2474,academy,33028
2475,teaspoon,33027
2476,dream,33013
2477,transfer,33009
2478,usual,32997
2479,ally,32994
2480,clinical,32983
2481,count,32971
2482,swear,32971
2483,avenue,32968
2484,priest,32965
2485,employment,32957
2486,waste,32952
2487,relax,32948
2488,owe,32943
2489,transform,32910
2490,grass,32880
2491,narrow,32874
2492,ethnic,32857
2493,scholar,32846
2494,edition,32842
2495,abandon,32838
2496,practical,32834
2497,infection,32785
2498,musical,32775
2499,suggestion,32775
2500,resistance,32768
2501,smoke,32716
2502,prince,32712
2503,illness,32704
2504,embrace,32690
2505,trade,32679
2506,republic,32646
2507,volunteer,32631
2508,target,32627
2509,general,32547
2510,evaluation,32514
2511,mine,32473
2512,opposite,32431
2513,awesome,32423
2514,switch,32414
2515,black,32406
2516,iraqi,32364
2517,iron,32359
2518,perceive,32339
2519,fundamental,32336
2520,phrase,32319
2521,assumption,32317
2522,sand,32307
2523,designer,32303
2524,planning,32282
2525,leading,32280
2526,mode,32229
2527,track,32224
2528,respect,32224
2529,widely,32221
2530,occasion,32220
2531,pose,32193
2532,approximately,32193
2533,retire,32169
2534,elsewhere,32165
2535,festival,32159
2536,cap,32115
2537,secure,32084
2538,attach,32064
2539,mechanism,32060
2540,intention,32022
2541,scenario,32007
2542,yell,32005
2543,incredible,31983
2544,spanish,31958
2545,strongly,31943
2546,racial,31893
2547,transportation,31888
2548,pot,31864
2549,boyfriend,31817
2550,consideration,31756
2551,prior,31754
2552,retirement,31749
2553,rarely,31748
2554,joint,31738
2555,doubt,31736
2556,preserve,31701
2557,enormous,31697
2558,cigarette,31674
2559,factory,31626
2560,valuable,31626
2561,clip,31612
2562,electric,31583
2563,giant,31557
2564,slave,31539
2565,submit,31515
2566,effectively,31505
2567,christian,31496
2568,monitor,31483
2569,wonder,31463
2570,resolve,31452
2571,remaining,31407
2572,participation,31395
2573,stream,31393
2574,rid,31388
2575,origin,31342
2576,teen,31336
2577,particular,31295
2578,congressional,31271
2579,bind,31267
2580,coat,31266
2581,tower,31252
2582,license,31242
2583,twitter,31238
2584,impose,31201
2585,innocent,31192
2586,curriculum,31171
2587,mail,31141
2588,estimate,31122
2589,insight,31094
2590,investigator,31082
2591,virus,31075
2592,hurricane,31072
2593,accurate,31068
2594,provision,31059
2595,strike,31051
2596,communicate,31040
2597,cross,31025
2598,vary,31000
2599,jacket,30995
2600,increasing,30970
2601,green,30968
2602,equally,30968
2603,pay,30935
2604,in,30931
2605,light,30928
2606,implication,30921
2607,fiction,30883
2608,protest,30878
2609,mama,30857
2610,imply,30829
2611,twin,30810
2612,pant,30810
2613,another,30791
2614,ahead,30782
2615,bend,30768
2616,shock,30746
2617,exercise,30730
2618,criteria,30727
2619,arab,30709
2620,dirty,30707
2621,ring,30684
2622,toy,30678
2623,potentially,30671
2624,assault,30609
2625,peak,30595
2626,anger,30587
2627,boot,30566
2628,dramatic,30558
2629,peer,30537
2630,enhance,30470
2631,math,30465
2632,slide,30451
2633,favor,30405
2634,pink,30396
2635,dust,30376
2636,aunt,30364
2637,lost,30362
2638,prospect,30358
2639,mood,30344
2640,mm-hmm,30339
2641,settlement,30250
2642,rather,30233
2643,justify,30199
2644,depth,30176
2645,juice,30156
2646,formal,30129
2647,virtually,30114
2648,gallery,30109
2649,tension,30082
2650,throat,30071
2651,draft,30062
2652,reputation,29988
2653,index,29987
2654,normally,29963
2655,mess,29961
2656,joy,29949
2657,steel,29886
2658,motor,29863
2659,enterprise,29857
2660,salary,29856
2661,moreover,29856
2662,giant,29852
2663,cousin,29840
2664,ordinary,29816
2665,graduate,29793
2666,dozen,29771
2667,evolution,29760
2668,so-called,29757
2669,helpful,29707
2670,competitive,29700
2671,lovely,29696
2672,fishing,29682
2673,anxiety,29659
2674,professional,29639
2675,carbon,29639
2676,essay,29637
2677,islamic,29622
2678,honor,29595
2679,drama,29588
2680,odd,29585
2681,evil,29573
2682,stranger,29572
2683,belt,29548
2684,urge,29531
2685,toss,29527
2686,fifth,29510
2687,formula,29504
2688,potato,29496
2689,monster,29491
2690,smoke,29483
2691,telephone,29482
2692,rape,29477
2693,palm,29472
2694,jet,29468
2695,navy,29450
2696,excited,29450
2697,plot,29444
2698,angle,29422
2699,criticize,29408
2700,prisoner,29394
2701,discipline,29386
2702,negotiation,29385
2703,damn,29373
2704,butter,29372
2705,desert,29353
2706,complicated,29335
2707,prize,29331
2708,blind,29326
2709,assign,29315
2710,bullet,29277
2711,awareness,29265
2712,sequence,29257
2713,illustrate,29234
2714,drop,29201
2715,pack,29197
2716,provider,29196
2717,fucking,29176
2718,minor,29172
2719,activist,29161
2720,poem,29138
2721,vacation,29123
2722,weigh,29121
2723,gang,29116
2724,privacy,29115
2725,clock,29112
2726,arrange,29108
2727,penalty,29096
2728,stomach,29089
2729,concert,29086
2730,originally,29084
2731,statistics,29070
2732,electronic,29064
2733,properly,29063
2734,bureau,29044
2735,wolf,29042
2736,and/or,29029
2737,classic,29028
2738,recommendation,28998
2739,exciting,28990
2740,maker,28989
2741,dear,28984
2742,impression,28975
2743,broken,28965
2744,battery,28962
2745,narrative,28928
2746,process,28916
2747,arise,28915
2748,kid,28911
2749,sake,28905
2750,delivery,28903
2751,forgive,28897
2752,visible,28886
2753,heavily,28880
2754,junior,28869
2755,rep,28848
2756,diversity,28848
2757,string,28844
2758,lawsuit,28834
2759,latter,28825
2760,cute,28813
2761,deputy,28806
2762,restore,28777
2763,buddy,28763
2764,psychological,28740
2765,besides,28711
2766,intense,28703
2767,friendly,28697
2768,evil,28696
2769,lane,28689
2770,hungry,28647
2771,bean,28639
2772,sauce,28639
2773,print,28636
2774,dominate,28636
2775,testing,28626
2776,trick,28621
2777,fantasy,28620
2778,absence,28618
2779,offensive,28611
2780,symbol,28609
2781,recognition,28585
2782,detect,28574
2783,tablespoon,28554
2784,construct,28515
2785,hmm,28510
2786,arrest,28504
2787,approval,28499
2788,aids,28489
2789,whereas,28472
2790,defensive,28464
2791,independence,28463
2792,apologize,28462
2793,top,28439
2794,asian,28419
2795,rose,28398
2796,ghost,28365
2797,involvement,28357
2798,permanent,28345
2799,wire,28337
2800,whisper,28334
2801,mouse,28329
2802,airline,28327
2803,founder,28315
2804,objective,28315
2805,nowhere,28292
2806,alternative,28282
2807,phenomenon,28258
2808,evolve,28257
2809,not,28251
2810,exact,28250
2811,silver,28244
2812,cent,28231
2813,universal,28224
2814,teenager,28219
2815,crucial,28219
2816,viewer,28181
2817,schedule,28174
2818,ridiculous,28150
2819,chocolate,28147
2820,sensitive,28109
2821,bottom,28102
2822,grandmother,28091
2823,missile,28086
2824,roughly,28083
2825,constitutional,28065
2826,adventure,28045
2827,genetic,28027
2828,advance,28014
2829,related,28013
2830,swing,27981
2831,ultimate,27973
2832,manufacturer,27966
2833,unknown,27955
2834,wipe,27952
2835,crop,27946
2836,survival,27914
2837,line,27910
2838,dimension,27889
2839,resist,27867
2840,request,27861
2841,roll,27831
2842,shape,27828
2843,darkness,27827
2844,guarantee,27824
2845,historic,27799
2846,educator,27782
2847,rough,27778
2848,personnel,27773
2849,race,27773
2850,confront,27771
2851,terrorist,27765
2852,royal,27749
2853,elite,27712
2854,occupy,27708
2855,emphasis,27699
2856,wet,27690
2857,destruction,27666
2858,raw,27663
2859,inner,27642
2860,proceed,27636
2861,violate,27630
2862,chart,27628
2863,pace,27613
2864,finance,27594
2865,champion,27593
2866,snap,27586
2867,suspect,27585
2868,advise,27580
2869,initially,27566
2870,advanced,27563
2871,unlikely,27546
2872,barrier,27530
2873,advocate,27479
2874,label,27479
2875,access,27476
2876,horrible,27456
2877,burden,27443
2878,violation,27435
2879,unlike,27434
2880,idiot,27432
2881,lifetime,27432
2882,working,27367
2883,fund,27347
2884,ongoing,27334
2885,react,27322
2886,routine,27266
2887,presentation,27265
2888,supply,27255
2889,gear,27243
2890,photograph,27239
2891,mexican,27233
2892,stadium,27233
2893,translate,27231
2894,mortgage,27227
2895,sheriff,27193
2896,clinic,27190
2897,spin,27184
2898,coalition,27166
2899,naturally,27157
2900,hopefully,27150
2901,mix,27117
2902,menu,27113
2903,smooth,27095
2904,advertising,27069
2905,interpret,27068
2906,plant,27047
2907,dismiss,27026
2908,muslim,26994
2909,apparent,26981
2910,arrangement,26976
2911,incorporate,26974
2912,split,26970
2913,brilliant,26970
2914,storage,26941
2915,framework,26926
2916,honestly,26926
2917,chase,26901
2918,sigh,26874
2919,assure,26863
2920,utility,26839
2921,taste,26826
2922,aggressive,26819
2923,cookie,26809
2924,terror,26792
2925,free,26787
2926,worth,26778
2927,wealthy,26746
2928,update,26744
2929,forum,26724
2930,alliance,26718
2931,possess,26713
2932,empire,26692
2933,curious,26666
2934,corn,26609
2935,neither,26586
2936,calculate,26570
2937,hurry,26561
2938,testimony,26542
2939,elementary,26542
2940,transfer,26541
2941,stake,26539
2942,precisely,26538
2943,bite,26532
2944,given,26528
2945,substantial,26521
2946,depending,26517
2947,glance,26481
2948,tissue,26475
2949,concentration,26470
2950,developer,26466
2951,found,26466
2952,ballot,26460
2953,consume,26453
2954,overcome,26449
2955,biological,26435
2956,chamber,26416
2957,similarly,26400
2958,stick,26373
2959,dare,26363
2960,developing,26334
2961,tiger,26334
2962,ratio,26305
2963,lover,26282
2964,expansion,26265
2965,encounter,26259
2966,occasionally,26250
2967,unemployment,26248
2968,pet,26240
2969,awful,26206
2970,laboratory,26198
2971,administrator,26195
2972,wind,26183
2973,quarterback,26181
2974,rocket,26167
2975,preparation,26152
2976,relative,26146
2977,confident,26144
2978,strategic,26103
2979,marine,26088
2980,quote,26087
2981,publisher,26079
2982,innovation,26039
2983,highlight,26029
2984,nut,26017
2985,fighter,26014
2986,rank,26007
2987,electricity,26003
2988,instance,26001
2989,fortune,25994
2990,freeze,25985
2991,variation,25982
2992,armed,25972
2993,negotiate,25963
2994,laughter,25929
2995,wisdom,25925
2996,correspondent,25907
2997,mixture,25895
2998,murder,25889
2999,assistant,25884
3000,retain,25881
3001,tomato,25826
3002,indian,25825
3003,testify,25823
3004,ingredient,25809
3005,since,25781
3006,galaxy,25775
3007,qualify,25774
3008,scheme,25772
3009,gop,25770
3010,shame,25764
3011,concentrate,25761
3012,contest,25761
3013,introduction,25722
3014,boundary,25694
3015,tube,25647
3016,versus,25646
3017,chef,25646
3018,regularly,25635
3019,ugly,25632
3020,screw,25632
3021,load,25620
3022,tongue,25612
3023,palestinian,25603
3024,fiscal,25598
3025,creek,25595
3026,hip,25581
3027,accompany,25567
3028,decline,25563
3029,terrorism,25562
3030,respondent,25555
3031,narrator,25554
3032,voting,25547
3033,refugee,25533
3034,assembly,25533
3035,fraud,25518
3036,limitation,25511
3037,house,25510
3038,partnership,25493
3039,store,25475
3040,crash,25472
3041,surprise,25449
3042,representation,25448
3043,hold,25448
3044,ministry,25434
3045,flat,25427
3046,wise,25418
3047,witness,25418
3048,excuse,25386
3049,register,25367
3050,comedy,25303
3051,purchase,25302
3052,tap,25295
3053,infrastructure,25291
3054,organic,25288
3055,islam,25282
3056,diverse,25277
3057,favor,25274
3058,intellectual,25268
3059,tight,25214
3060,port,25211
3061,fate,25194
3062,market,25191
3063,absolute,25184
3064,dialogue,25173
3065,plus,25166
3066,frequency,25158
3067,tribe,25147
3068,external,25146
3069,appointment,25144
3070,convert,25123
3071,surprising,25114
3072,mobile,25095
3073,establishment,25090
3074,worried,25086
3075,bye,25081
3076,shopping,25052
3077,celebrity,24989
3078,congressman,24982
3079,impress,24977
3080,taxpayer,24954
3081,adapt,24934
3082,publicly,24932
3083,pride,24923
3084,clothing,24923
3085,rapidly,24922
3086,domain,24914
3087,mainly,24910
3088,ceiling,24902
3089,alter,24900
3090,shelter,24892
3091,random,24886
3092,obligation,24879
3093,shower,24876
3094,beg,24867
3095,asleep,24848
3096,musician,24829
3097,extraordinary,24829
3098,dirt,24819
3099,pc,24814
3100,bell,24813
3101,smell,24783
3102,damage,24780
3103,ceremony,24779
3104,clue,24755
3105,guideline,24752
3106,comfort,24745
3107,near,24720
3108,pregnancy,24687
3109,borrow,24662
3110,conventional,24656
3111,tourist,24638
3112,incentive,24612
3113,custom,24610
3114,cheek,24607
3115,tournament,24576
3116,double,24576
3117,satellite,24573
3118,nearby,24560
3119,comprehensive,24553
3120,stable,24549
3121,medication,24549
3122,script,24547
3123,educate,24527
3124,efficient,24525
3125,risk,24524
3126,welcome,24515
3127,scare,24484
3128,psychology,24479
3129,logic,24470
3130,economics,24463
3131,update,24444
3132,nevertheless,24438
3133,devil,24433
3134,thirty,24427
3135,beat,24421
3136,charity,24405
3137,fiber,24394
3138,wave,24391
3139,ideal,24367
3140,friendship,24359
3141,net,24355
3142,motivation,24342
3143,differently,24322
3144,reserve,24319
3145,observer,24293
3146,humanity,24254
3147,survivor,24240
3148,fence,24223
3149,quietly,24222
3150,humor,24213
3151,major,24191
3152,funeral,24184
3153,spokesman,24143
3154,extension,24142
3155,loose,24139
3156,sink,24129
3157,historian,24128
3158,ruin,24113
3159,balance,24104
3160,chemical,24096
3161,singer,24095
3162,drunk,24079
3163,swim,24072
3164,onion,24049
3165,specialist,24031
3166,missing,24015
3167,white,24014
3168,pan,24011
3169,distribute,24006
3170,silly,24001
3171,deck,23996
3172,reflection,23994
3173,shortly,23986
3174,database,23984
3175,flow,23932
3176,remote,23930
3177,permission,23927
3178,remarkable,23919
3179,everyday,23918
3180,lifestyle,23917
3181,sweep,23911
3182,naked,23909
3183,sufficient,23898
3184,lion,23871
3185,consumption,23864
3186,capability,23836
3187,practice,23797
3188,emission,23770
3189,sidebar,23763
3190,crap,23756
3191,dealer,23742
3192,measurement,23736
3193,vital,23700
3194,impressive,23687
3195,bake,23686
3196,fantastic,23669
3197,adviser,23663
3198,yield,23640
3199,mere,23631
3200,imagination,23622
3201,radical,23620
3202,tragedy,23619
3203,scary,23596
3204,consultant,23591
3205,correct,23582
3206,lieutenant,23579
3207,upset,23566
3208,attractive,23563
3209,acre,23558
3210,drawing,23549
3211,defeat,23537
3212,newly,23531
3213,scandal,23525
3214,ambassador,23522
3215,ooh,23498
3216,spot,23494
3217,content,23491
3218,round,23484
3219,bench,23481
3220,guide,23475
3221,counter,23475
3222,chemical,23464
3223,odds,23462
3224,rat,23442
3225,horror,23430
3226,appeal,23427
3227,vulnerable,23392
3228,prevention,23383
3229,square,23378
3230,segment,23372
3231,ban,23359
3232,tail,23344
3233,constitute,23339
3234,badly,23330
3235,bless,23307
3236,literary,23305
3237,magic,23302
3238,implementation,23294
3239,legitimate,23286
3240,slight,23283
3241,crash,23281
3242,strip,23266
3243,desperate,23253
3244,distant,23251
3245,preference,23230
3246,politically,23229
3247,feedback,23220
3248,health-care,23216
3249,criminal,23214
3250,can,23201
3251,italian,23199
3252,detailed,23161
3253,buyer,23157
3254,wrong,23141
3255,cooperation,23135
3256,profession,23135
3257,incredibly,23108
3258,orange,23088
3259,killing,23084
3260,sue,23083
3261,photographer,23062
3262,running,23050
3263,engagement,23041
3264,differ,23032
3265,paint,23029
3266,pitch,23028
3267,extensive,23021
3268,salad,23010
3269,stair,23001
3270,notice,22997
3271,grace,22995
3272,divorce,22992
3273,vessel,22977
3274,pig,22965
3275,assignment,22955
3276,distinction,22938
3277,fit,22936
3278,circuit,22927
3279,acid,22925
3280,canadian,22924
3281,flee,22896
3282,efficiency,22889
3283,memorial,22884
3284,proposed,22864
3285,blue,22857
3286,entity,22849
3287,iphone,22844
3288,punishment,22839
3289,pause,22805
3290,pill,22802
3291,rub,22774
3292,romantic,22772
3293,myth,22770
3294,economist,22756
3295,latin,22755
3296,decent,22751
3297,assistant,22741
3298,craft,22724
3299,poetry,22722
3300,terrorist,22697
3301,thread,22683
3302,wooden,22683
3303,confuse,22680
3304,subject,22677
3305,privilege,22671
3306,coal,22670
3307,fool,22667
3308,cow,22660
3309,characterize,22657
3310,pie,22654
3311,decrease,22654
3312,resort,22647
3313,legacy,22631
3314,re,22620
3315,stress,22587
3316,frankly,22564
3317,matter,22486
3318,cancel,22480
3319,derive,22469
3320,dumb,22462
3321,scope,22460
3322,formation,22441
3323,grandfather,22432
3324,hence,22424
3325,wish,22423
3326,margin,22417
3327,wound,22414
3328,exhibition,22400
3329,legislature,22388
3330,furthermore,22381
3331,portrait,22377
3332,catholic,22367
3333,sustain,22359
3334,uniform,22332
3335,painful,22292
3336,loud,22276
3337,miracle,22275
3338,harm,22267
3339,zero,22266
3340,tactic,22260
3341,mask,22256
3342,calm,22255
3343,inflation,22242
3344,hunting,22232
3345,physically,22212
3346,final,22206
3347,flesh,22204
3348,temporary,22199
3349,fellow,22194
3350,nerve,22174
3351,lung,22170
3352,steady,22152
3353,headline,22141
3354,sudden,22133
3355,successfully,22130
3356,defendant,22117
3357,pole,22115
3358,satisfy,22111
3359,entrance,22111
3360,aircraft,22111
3361,withdraw,22109
3362,cabinet,22078
3363,relative,22070
3364,repeatedly,22066
3365,happiness,22053
3366,admission,22052
3367,correlation,22034
3368,proportion,22031
3369,dispute,22027
3370,candy,21987
3371,reward,21978
3372,counselor,21975
3373,recording,21968
3374,pile,21960
3375,explosion,21954
3376,appoint,21949
3377,couch,21942
3378,cognitive,21925
3379,furniture,21915
3380,significance,21902
3381,grateful,21895
3382,magic,21888
3383,suit,21887
3384,commissioner,21855
3385,shelf,21854
3386,tremendous,21826
3387,warrior,21822
3388,physics,21798
3389,garage,21790
3390,flavor,21772
3391,squeeze,21756
3392,prominent,21752
3393,fifty,21736
3394,fade,21734
3395,oven,21721
3396,satisfaction,21718
3397,discrimination,21715
3398,recession,21714
3399,allegation,21709
3400,boom,21690
3401,weekly,21686
3402,lately,21666
3403,restriction,21665
3404,diamond,21652
3405,document,21648
3406,crack,21623
3407,conviction,21599
3408,heel,21595
3409,fake,21560
3410,fame,21544
3411,shine,21543
3412,swing,21541
3413,playoff,21528
3414,actress,21526
3415,cheat,21523
3416,format,21521
3417,controversy,21521
3418,auto,21510
3419,grant,21506
3420,grocery,21497
3421,headquarters,21481
3422,rip,21480
3423,rank,21476
3424,shade,21457
3425,regulate,21437
3426,meter,21425
3427,olympic,21422
3428,pipe,21413
3429,patient,21374
3430,celebration,21353
3431,handful,21346
3432,copyright,21330
3433,dependent,21306
3434,signature,21285
3435,bishop,21282
3436,strengthen,21276
3437,soup,21273
3438,entitle,21264
3439,whoever,21251
3440,carrier,21245
3441,anniversary,21242
3442,pizza,21238
3443,ethics,21228
3444,legend,21223
3445,eagle,21220
3446,scholarship,21183
3447,crack,21181
3448,research,21178
3449,membership,21172
3450,standing,21145
3451,possession,21141
3452,treaty,21138
3453,partly,21132
3454,consciousness,21114
3455,manufacturing,21096
3456,announcement,21081
3457,tire,21067
3458,no,21041
3459,makeup,21035
3460,pop,21033
3461,prediction,21032
3462,stability,21031
3463,trace,21026
3464,norm,21014
3465,irish,21004
3466,genius,20987
3467,gently,20979
3468,operator,20947
3469,mall,20944
3470,rumor,20921
3471,poet,20918
3472,tendency,20906
3473,subsequent,20893
3474,alien,20885
3475,explode,20874
3476,cool,20868
3477,controversial,20863
3478,maintenance,20861
3479,courage,20859
3480,exceed,20855
3481,tight,20839
3482,principal,20834
3483,vaccine,20826
3484,identification,20823
3485,sandwich,20804
3486,bull,20803
3487,lens,20785
3488,twelve,20768
3489,mainstream,20766
3490,presidency,20723
3491,integrity,20719
3492,distinct,20706
3493,intelligent,20703
3494,secondary,20701
3495,bias,20699
3496,hypothesis,20698
3497,fifteen,20691
3498,nomination,20678
3499,delay,20668
3500,adjustment,20658
3501,sanction,20651
3502,render,20635
3503,shop,20625
3504,acceptable,20624
3505,mutual,20623
3506,high,20621
3507,examination,20620
3508,meaningful,20614
3509,communist,20597
3510,superior,20593
3511,currency,20592
3512,collective,20587
3513,tip,20573
3514,flame,20550
3515,guitar,20550
3516,doctrine,20549
3517,palestinian,20540
3518,float,20540
3519,commerce,20539
3520,invent,20537
3521,robot,20517
3522,rapid,20504
3523,plain,20479
3524,respectively,20478
3525,particle,20474
3526,across,20474
3527,glove,20469
3528,till,20463
3529,edit,20462
3530,moderate,20421
3531,jazz,20420
3532,infant,20410
3533,summary,20407
3534,server,20393
3535,leather,20393
3536,radiation,20383
3537,prompt,20380
3538,function,20370
3539,composition,20367
3540,operating,20353
3541,assert,20352
3542,case,20350
3543,discourse,20342
3544,loud,20340
3545,dump,20326
3546,net,20306
3547,wildlife,20304
3548,soccer,20295
3549,complex,20289
3550,mandate,20285
3551,monitor,20280
3552,downtown,20271
3553,nightmare,20245
3554,barrel,20229
3555,homeless,20229
3556,globe,20226
3557,uncomfortable,20224
3558,execute,20224
3559,feel,20197
3560,trap,20197
3561,gesture,20188
3562,pale,20183
3563,tent,20170
3564,receiver,20165
3565,horizon,20141
3566,diagnosis,20070
3567,considerable,20047
3568,gospel,20013
3569,automatically,20008
3570,fighting,20007
3571,stroke,20004
3572,wander,19979
3573,duck,19968
3574,grain,19956
3575,beast,19956
3576,concern,19955
3577,remark,19951
3578,fabric,19948
3579,civilization,19929
3580,warm,19926
3581,corruption,19925
3582,collapse,19925
3583,ma'am,19916
3584,greatly,19911
3585,workshop,19894
3586,inquiry,19877
3587,cd,19876
3588,admire,19872
3589,exclude,19871
3590,rifle,19857
3591,closet,19855
3592,reporting,19850
3593,curve,19846
3594,patch,19841
3595,touchdown,19832
3596,experimental,19828
3597,earnings,19824
3598,hunter,19821
3599,fly,19815
3600,tunnel,19814
3601,corps,19808
3602,behave,19799
3603,rent,19783
3604,german,19765
3605,motivate,19758
3606,attribute,19755
3607,elderly,19743
3608,virtual,19729
3609,minimum,19720
3610,weakness,19718
3611,progressive,19716
3612,doc,19715
3613,medium,19713
3614,virtue,19711
3615,ounce,19680
3616,collapse,19671
3617,delay,19657
3618,athletic,19650
3619,confusion,19634
3620,legislative,19623
3621,facilitate,19617
3622,midnight,19599
3623,deer,19597
3624,way,19593
3625,undergo,19593
3626,heritage,19592
3627,summit,19581
3628,sword,19580
3629,telescope,19572
3630,donate,19564
3631,blade,19562
3632,toe,19559
3633,agriculture,19558
3634,park,19555
3635,enforce,19538
3636,recruit,19525
3637,favor,19486
3638,dose,19458
3639,concerning,19447
3640,integrate,19446
3641,rate,19441
3642,pitch,19439
3643,prescription,19428
3644,retail,19417
3645,adoption,19416
3646,monthly,19414
3647,deadly,19413
3648,grave,19407
3649,rope,19405
3650,reliable,19403
3651,label,19402
3652,transaction,19400
3653,lawn,19393
3654,consistently,19392
3655,mount,19389
3656,bubble,19365
3657,briefly,19353
3658,absorb,19353
3659,princess,19338
3660,log,19318
3661,blanket,19318
3662,laugh,19315
3663,kingdom,19315
3664,anticipate,19312
3665,bug,19312
3666,primary,19308
3667,dedicate,19305
3668,nominee,19303
3669,transformation,19286
3670,temple,19285
3671,sense,19269
3672,arrival,19265
3673,frustration,19262
3674,changing,19258
3675,demonstration,19226
3676,pollution,19218
3677,poster,19209
3678,nail,19206
3679,nonprofit,19197
3680,cry,19190
3681,guidance,19172
3682,exhibit,19166
3683,pen,19160
3684,interrupt,19158
3685,lemon,19153
3686,bankruptcy,19151
3687,resign,19131
3688,dominant,19131
3689,invasion,19112
3690,sacred,19103
3691,replacement,19102
3692,portray,19095
3693,hunt,19089
3694,distinguish,19085
3695,melt,19071
3696,consensus,19057
3697,kiss,19047
3698,french,19041
3699,hardware,19041
3700,rail,19039
3701,cold,19037
3702,mate,19036
3703,dry,19030
3704,korean,19028
3705,cabin,19019
3706,dining,19017
3707,liberal,19015
3708,snake,18993
3709,tobacco,18992
3710,orientation,18984
3711,trigger,18981
3712,wherever,18966
3713,seize,18961
3714,abuse,18959
3715,mess,18949
3716,punish,18930
3717,sexy,18927
3718,depict,18922
3719,input,18921
3720,seemingly,18903
3721,widespread,18896
3722,competitor,18893
3723,flip,18889
3724,freshman,18878
3725,donation,18869
3726,administrative,18864
3727,donor,18858
3728,gradually,18850
3729,overlook,18846
3730,toilet,18844
3731,pleased,18827
3732,resemble,18824
3733,ideology,18802
3734,glory,18788
3735,maximum,18764
3736,organ,18750
3737,skip,18743
3738,starting,18738
3739,brush,18733
3740,brick,18730
3741,gut,18712
3742,reservation,18704
3743,rebel,18704
3744,disappointed,18701
3745,oak,18691
3746,valid,18685
3747,instructor,18675
3748,rescue,18665
3749,racism,18651
3750,pension,18644
3751,diabetes,18635
3752,overall,18621
3753,cluster,18617
3754,eager,18609
3755,marijuana,18607
3756,combat,18595
3757,praise,18574
3758,costume,18568
3759,sixth,18547
3760,frequent,18545
3761,inspiration,18543
3762,orange,18542
3763,concrete,18533
3764,cooking,18528
3765,conspiracy,18508
3766,trait,18502
3767,van,18497
3768,institutional,18477
3769,garlic,18473
3770,drinking,18467
3771,response,18460
3772,crystal,18456
3773,stretch,18453
3774,pro,18444
3775,associate,18443
3776,helicopter,18430
3777,counsel,18429
3778,equation,18417
3779,roman,18414
3780,sophisticated,18406
3781,timing,18399
3782,pope,18398
3783,opera,18377
3784,ethical,18367
3785,mount,18361
3786,indication,18351
3787,motive,18345
3788,porch,18345
3789,reinforce,18342
3790,gaze,18339
3791,ours,18321
3792,lap,18314
3793,written,18308
3794,reverse,18304
3795,starter,18292
3796,injure,18288
3797,chronic,18286
3798,continued,18283
3799,exclusive,18276
3800,colonel,18262
3801,copy,18254
3802,beef,18253
3803,abroad,18252
3804,thanksgiving,18234
3805,intensity,18229
3806,desire,18224
3807,cave,18219
3808,basement,18210
3809,associated,18209
3810,unlike,18191
3811,fascinating,18189
3812,interact,18183
3813,illustration,18179
3814,daily,18177
3815,essence,18172
3816,container,18171
3817,driving,18169
3818,stuff,18158
3819,dynamic,18151
3820,gym,18149
3821,bat,18132
3822,plead,18129
3823,promotion,18122
3824,uncertainty,18119
3825,ownership,18114
3826,officially,18080
3827,tag,18076
3828,documentary,18071
3829,stem,18061
3830,flood,18059
3831,guilt,18057
3832,inside,18050
3833,alarm,18039
3834,turkey,18036
3835,conduct,18031
3836,diagnose,18030
3837,precious,18016
3838,swallow,18013
3839,initiate,18004
3840,fitness,18001
3841,restrict,17989
3842,gulf,17985
3843,advocate,17982
3844,mommy,17978
3845,unexpected,17962
3846,shrug,17959
3847,agricultural,17939
3848,sacrifice,17936
3849,spectrum,17916
3850,dragon,17915
3851,bacteria,17913
3852,shore,17908
3853,pastor,17896
3854,cliff,17891
3855,ship,17891
3856,adequate,17887
3857,rape,17887
3858,addition,17884
3859,tackle,17881
3860,occupation,17878
3861,compose,17863
3862,slice,17862
3863,brave,17860
3864,military,17849
3865,stimulus,17842
3866,patent,17836
3867,powder,17830
3868,harsh,17815
3869,chaos,17809
3870,kit,17795
3871,this,17786
3872,piano,17786
3873,surprisingly,17784
3874,lend,17776
3875,correctly,17759
3876,project,17755
3877,govern,17753
3878,modest,17749
3879,shared,17746
3880,psychologist,17738
3881,servant,17732
3882,overwhelming,17731
3883,elevator,17718
3884,hispanic,17705
3885,divine,17704
3886,transmission,17702
3887,butt,17681
3888,commonly,17663
3889,cowboy,17658
3890,ease,17652
3891,intent,17648
3892,counseling,17615
3893,gentle,17606
3894,rhythm,17605
3895,short,17604
3896,complexity,17603
3897,nonetheless,17584
3898,effectiveness,17583
3899,lonely,17579
3900,statistical,17575
3901,longtime,17574
3902,strain,17571
3903,firm,17560
3904,garbage,17560
3905,devote,17555
3906,speed,17549
3907,venture,17532
3908,lock,17526
3909,aide,17521
3910,subtle,17521
3911,rod,17510
3912,top,17509
3913,civilian,17506
3914,t-shirt,17501
3915,endure,17500
3916,civilian,17499
3917,basket,17488
3918,strict,17484
3919,loser,17479
3920,franchise,17479
3921,saint,17465
3922,aim,17460
3923,prosecution,17457
3924,bite,17445
3925,lyrics,17443
3926,compound,17435
3927,architecture,17424
3928,reach,17415
3929,destination,17414
3930,cope,17404
3931,province,17402
3932,sum,17402
3933,lecture,17399
3934,spill,17398
3935,genuine,17394
3936,upstairs,17392
3937,protest,17387
3938,trading,17380
3939,please,17377
3940,acceptance,17373
3941,revelation,17367
3942,march,17363
3943,indicator,17361
3944,collaboration,17360
3945,rhetoric,17356
3946,tune,17352
3947,slam,17345
3948,inevitable,17339
3949,monkey,17334
3950,till,17322
3951,protocol,17316
3952,productive,17315
3953,principal,17310
3954,finish,17287
3955,jeans,17273
3956,companion,17269
3957,convict,17257
3958,boost,17241
3959,recipient,17240
3960,practically,17238
3961,array,17233
3962,persuade,17229
3963,undermine,17226
3964,yep,17224
3965,ranch,17219
3966,scout,17206
3967,medal,17200
3968,endless,17193
3969,translation,17186
3970,ski,17185
3971,conservation,17184
3972,habitat,17173
3973,contractor,17156
3974,trailer,17146
3975,pitcher,17123
3976,towel,17122
3977,goodbye,17122
3978,harm,17109
3979,bonus,17099
3980,dramatically,17087
3981,genre,17072
3982,caller,17070
3983,exit,17065
3984,hook,17057
3985,behavioral,17052
3986,omit,17050
3987,pit,17033
3988,volunteer,17024
3989,boring,17020
3990,hook,17012
3991,suspend,17011
3992,cholesterol,17011
3993,closed,16993
3994,advertisement,16993
3995,bombing,16988
3996,consult,16987
3997,encounter,16987
3998,expertise,16978
3999,creator,16976
4000,peaceful,16963
4001,upset,16960
4002,provided,16959
4003,tablet,16958
4004,blow,16948
4005,ruling,16930
4006,launch,16908
4007,warming,16906
4008,equity,16905
4009,rational,16905
4010,classic,16902
4011,utilize,16898
4012,pine,16894
4013,past,16892
4014,bitter,16881
4015,guard,16876
4016,surgeon,16865
4017,affordable,16864
4018,tennis,16863
4019,artistic,16857
4020,download,16856
4021,suffering,16837
4022,accuracy,16834
4023,literacy,16828
4024,treasury,16827
4025,talented,16822
4026,crown,16806
4027,importantly,16802
4028,bare,16802
4029,invisible,16798
4030,sergeant,16794
4031,regulatory,16782
4032,thumb,16776
4033,colony,16776
4034,walking,16767
4035,accessible,16761
4036,damn,16761
4037,integration,16746
4038,spouse,16732
4039,award,16728
4040,excitement,16728
4041,residence,16727
4042,bold,16726
4043,adolescent,16726
4044,greek,16725
4045,doll,16714
4046,oxygen,16714
4047,finance,16685
4048,gravity,16674
4049,functional,16672
4050,palace,16669
4051,echo,16668
4052,cotton,16664
4053,rescue,16660
4054,estimated,16657
4055,program,16652
4056,endorse,16646
4057,lawmaker,16643
4058,determination,16633
4059,flash,16627
4060,simultaneously,16626
4061,dynamics,16623
4062,shell,16622
4063,hint,16621
4064,frame,16594
4065,administer,16592
4066,rush,16589
4067,christianity,16585
4068,distract,16563
4069,ban,16560
4070,alleged,16528
4071,statute,16524
4072,value,16523
4073,biology,16518
4074,republican,16513
4075,follower,16508
4076,nasty,16504
4077,evident,16476
4078,prior,16472
4079,confess,16468
4080,eligible,16461
4081,picture,16439
4082,rock,16432
4083,trap,16420
4084,consent,16419
4085,pump,16418
4086,down,16415
4087,bloody,16415
4088,hate,16397
4089,occasional,16386
4090,trunk,16376
4091,prohibit,16370
4092,sustainable,16363
4093,belly,16361
4094,banking,16356
4095,asshole,16356
4096,journalism,16352
4097,flash,16348
4098,average,16343
4099,obstacle,16342
4100,ridge,16341
4101,heal,16325
4102,bastard,16320
4103,cheer,16318
4104,apology,16314
4105,tumor,16309
4106,architect,16305
4107,wrist,16293
4108,harbor,16291
4109,handsome,16284
4110,bullshit,16278
4111,realm,16277
4112,bet,16276
4113,twist,16274
4114,inspector,16272
4115,surveillance,16262
4116,trauma,16257
4117,rebuild,16256
4118,romance,16244
4119,gross,16241
4120,deadline,16240
4121,age,16238
4122,classical,16222
4123,convey,16221
4124,compensation,16221
4125,insect,16198
4126,debate,16195
4127,output,16190
4128,parliament,16176
4129,suite,16164
4130,opposed,16159
4131,fold,16148
4132,separation,16144
4133,demon,16143
4134,eating,16142
4135,structural,16138
4136,besides,16135
4137,equality,16126
4138,logical,16111
4139,probability,16109
4140,await,16102
4141,generous,16095
4142,acquisition,16072
4143,custody,16070
4144,compromise,16070
4145,greet,16069
4146,trash,16056
4147,judicial,16050
4148,earthquake,16050
4149,insane,16042
4150,realistic,16029
4151,wake,16026
4152,assemble,16017
4153,necessity,16013
4154,horn,16012
4155,parameter,16010
4156,grip,16005
4157,modify,16000
4158,signal,15998
4159,sponsor,15998
4160,mathematics,15994
4161,hallway,15988
4162,african-american,15963
4163,any,15957
4164,liability,15952
4165,crawl,15944
4166,theoretical,15943
4167,condemn,15942
4168,fluid,15938
4169,homeland,15934
4170,technological,15934
4171,exam,15933
4172,anchor,15923
4173,spell,15921
4174,considering,15896
4175,conscious,15895
4176,vitamin,15887
4177,known,15885
4178,hostage,15872
4179,reserve,15866
4180,actively,15862
4181,mill,15859
4182,teenage,15845
4183,respect,15832
4184,retrieve,15830
4185,processing,15825
4186,sentiment,15815
4187,offering,15814
4188,oral,15805
4189,convinced,15803
4190,photography,15803
4191,coin,15797
4192,laptop,15796
4193,bounce,15792
4194,goodness,15790
4195,affiliation,15784
4196,punch,15780
4197,burst,15772
4198,bee,15760
4199,blessing,15758
4200,command,15758
4201,continuous,15752
4202,above,15751
4203,landing,15743
4204,repair,15742
4205,worry,15739
4206,ritual,15737
4207,bath,15725
4208,sneak,15716
4209,historically,15703
4210,mud,15699
4211,scan,15695
4212,reminder,15692
4213,hers,15685
4214,slavery,15684
4215,supervisor,15672
4216,quantity,15672
4217,olympics,15664
4218,pleasant,15653
4219,slope,15651
4220,skirt,15648
4221,outlet,15645
4222,curtain,15640
4223,declaration,15635
4224,seal,15632
4225,immune,15631
4226,switch,15630
4227,calendar,15617
4228,paragraph,15612
4229,identical,15611
4230,credit,15608
4231,regret,15607
4232,quest,15593
4233,flat,15583
4234,entrepreneur,15581
4235,specify,15567
4236,stumble,15561
4237,clay,15557
4238,noon,15551
4239,last,15550
4240,strip,15548
4241,elbow,15543
4242,outstanding,15537
4243,uh-huh,15532
4244,unity,15519
4245,rent,15515
4246,manipulate,15513
4247,airplane,15512
4248,portfolio,15509
4249,mysterious,15507
4250,delicious,15506
4251,northwest,15505
4252,sweat,15505
4253,profound,15497
4254,sacrifice,15484
4255,treasure,15484
4256,flour,15472
4257,lightly,15472
4258,rally,15471
4259,default,15454
4260,alongside,15454
4261,plain,15447
4262,hug,15443
4263,isolate,15433
4264,exploration,15421
4265,secure,15420
4266,limb,15391
4267,enroll,15391
4268,outer,15390
4269,charter,15390
4270,southwest,15385
4271,escape,15376
4272,arena,15361
4273,witch,15359
4274,upcoming,15358
4275,forty,15352
4276,someday,15352
4277,unite,15351
4278,courtesy,15350
4279,statue,15343
4280,fist,15331
4281,castle,15330
4282,precise,15330
4283,squad,15328
4284,cruise,15327
4285,joke,15321
4286,legally,15315
4287,embassy,15303
4288,patience,15298
4289,medium,15296
4290,thereby,15288
4291,bush,15262
4292,purple,15255
4293,peer,15226
4294,electrical,15225
4295,outfit,15213
4296,cage,15211
4297,retired,15207
4298,shark,15207
4299,lobby,15206
4300,sidewalk,15203
4301,near,15200
4302,runner,15188
4303,ankle,15182
4304,attraction,15180
4305,fool,15179
4306,artificial,15142
4307,mercy,15139
4308,indigenous,15139
4309,slap,15130
4310,tune,15126
4311,dancer,15125
4312,candle,15125
4313,sexually,15120
4314,needle,15115
4315,hidden,15111
4316,chronicle,15106
4317,suburb,15106
4318,toxic,15101
4319,underlying,15095
4320,sensor,15084
4321,deploy,15082
4322,debut,15081
4323,star,15075
4324,magnitude,15074
4325,suspicion,15070
4326,pro,15067
4327,colonial,15065
4328,icon,15065
4329,grandma,15063
4330,info,15051
4331,jurisdiction,15049
4332,iranian,15043
4333,senior,15032
4334,parade,15028
4335,seal,15019
4336,archive,15007
4337,gifted,15000
4338,rage,14996
4339,outdoor,14995
4340,ending,14992
4341,loop,14987
4342,altogether,14986
4343,chase,14979
4344,burning,14976
4345,reception,14976
4346,local,14975
4347,crush,14968
4348,premise,14964
4349,deem,14964
4350,automatic,14953
4351,whale,14947
4352,mechanical,14945
4353,credibility,14944
4354,drain,14944
4355,drift,14941
4356,loyalty,14935
4357,promising,14933
4358,tide,14929
4359,traveler,14928
4360,grief,14918
4361,metaphor,14916
4362,skull,14911
4363,pursuit,14909
4364,therapist,14907
4365,backup,14904
4366,workplace,14897
4367,instinct,14894
4368,export,14889
4369,bleed,14888
4370,shock,14881
4371,seventh,14877
4372,fixed,14876
4373,broadcast,14871
4374,disclose,14858
4375,execution,14857
4376,pal,14857
4377,chuckle,14855
4378,pump,14855
4379,density,14854
4380,correction,14850
4381,representative,14835
4382,jump,14819
4383,repair,14803
4384,kinda,14792
4385,relieve,14789
4386,teammate,14789
4387,brush,14780
4388,corridor,14779
4389,russian,14778
4390,enthusiasm,14777
4391,extended,14776
4392,root,14773
4393,alright,14773
4394,panic,14761
4395,pad,14749
4396,bid,14746
4397,mild,14741
4398,productivity,14732
4399,guess,14729
4400,tuck,14721
4401,defeat,14716
4402,railroad,14713
4403,frozen,14710
4404,minimize,14707
4405,amid,14704
4406,inspection,14686
4407,cab,14672
4408,expected,14670
4409,nonsense,14670
4410,leap,14664
4411,draft,14645
4412,rider,14637
4413,theology,14636
4414,terrific,14632
4415,accent,14628
4416,invitation,14626
4417,reply,14613
4418,israeli,14606
4419,liar,14604
4420,oversee,14601
4421,awkward,14591
4422,registration,14577
4423,suburban,14577
4424,handle,14576
4425,momentum,14567
4426,instantly,14557
4427,clerk,14547
4428,chin,14538
4429,hockey,14536
4430,laser,14523
4431,proposition,14515
4432,rob,14506
4433,beam,14505
4434,ancestor,14501
4435,creativity,14474
4436,verse,14470
4437,casual,14469
4438,objection,14466
4439,clever,14465
4440,given,14460
4441,shove,14456
4442,revolutionary,14456
4443,carbohydrate,14454
4444,steam,14454
4445,reportedly,14446
4446,glance,14445
4447,forehead,14437
4448,resume,14434
4449,slide,14433
4450,sheep,14430
4451,good,14423
4452,carpet,14417
4453,cloth,14408
4454,interior,14401
4455,full-time,14401
4456,running,14396
4457,questionnaire,14392
4458,compromise,14391
4459,departure,14389
4460,behalf,14387
4461,graph,14381
4462,diplomatic,14381
4463,thief,14374
4464,herb,14373
4465,subsidy,14371
4466,cast,14354
4467,fossil,14345
4468,patrol,14342
4469,pulse,14341
4470,mechanic,14340
4471,cattle,14338
4472,screening,14328
4473,continuing,14322
4474,electoral,14322
4475,supposedly,14318
4476,dignity,14312
4477,prophet,14308
4478,commentary,14305
4479,sort,14299
4480,spread,14295
4481,serving,14291
4482,safely,14286
4483,homework,14277
4484,allegedly,14263
4485,android,14261
4486,alpha,14253
4487,insert,14249
4488,mortality,14244
4489,contend,14242
4490,elephant,14238
4491,solely,14236
4492,hurt,14232
4493,continent,14230
4494,attribute,14222
4495,ecosystem,14216
4496,leave,14202
4497,nearby,14195
4498,olive,14192
4499,syndrome,14192
4500,minimum,14187
4501,catch,14181
4502,abstract,14180
4503,accusation,14179
4504,coming,14178
4505,sock,14170
4506,pickup,14166
4507,shuttle,14163
4508,improved,14162
4509,calculation,14158
4510,innovative,14152
4511,demographic,14150
4512,accommodate,14139
4513,jaw,14133
4514,unfair,14132
4515,tragic,14131
4516,comprise,14123
4517,faster,14118
4518,nutrition,14118
4519,mentor,14114
4520,stance,14103
4521,rabbit,14099
4522,pause,14099
4523,dot,14080
4524,contributor,14076
4525,cooperate,14075
4526,disk,14075
4527,hesitate,14073
4528,regard,14070
4529,offend,14068
4530,exploit,14067
4531,compel,14061
4532,likelihood,14049
4533,sibling,14047
4534,southeast,14046
4535,gorgeous,14044
4536,undertake,14043
4537,painter,14037
4538,residential,14034
4539,counterpart,14033
4540,believer,14032
4541,lamp,14028
4542,inmate,14023
4543,thoroughly,14022
4544,trace,14018
4545,freak,14012
4546,filter,14005
4547,pillow,14004
4548,orbit,14003
4549,purse,13998
4550,likewise,13985
4551,cease,13982
4552,passing,13970
4553,feed,13963
4554,vanish,13944
4555,instructional,13944
4556,clause,13942
4557,mentally,13939
4558,model,13935
4559,left,13935
4560,pond,13934
4561,neutral,13933
4562,shield,13931
4563,popularity,13929
4564,cartoon,13928
4565,authorize,13916
4566,combined,13905
4567,exhibit,13890
4568,sink,13890
4569,graphic,13890
4570,darling,13887
4571,traditionally,13886
4572,vendor,13880
4573,poorly,13877
4574,conceive,13868
4575,opt,13862
4576,descend,13861
4577,firmly,13854
4578,beloved,13852
4579,openly,13834
4580,gathering,13824
4581,alien,13821
4582,stem,13809
4583,fever,13809
4584,preach,13805
4585,interfere,13797
4586,arrow,13796
4587,required,13778
4588,capitalism,13777
4589,kick,13771
4590,fork,13767
4591,survey,13766
4592,meantime,13763
4593,presumably,13762
4594,position,13750
4595,racist,13749
4596,stay,13749
4597,illusion,13749
4598,removal,13735
4599,anxious,13723
4600,arab,13720
4601,organism,13713
4602,awake,13699
4603,sculpture,13689
4604,spare,13687
4605,marine,13677
4606,harassment,13671
4607,drum,13670
4608,diminish,13670
4609,helmet,13668
4610,level,13664
4611,certificate,13657
4612,tribal,13656
4613,bad,13651
4614,mmm,13644
4615,sadly,13633
4616,cart,13625
4617,spy,13625
4618,sunlight,13624
4619,delete,13618
4620,rookie,13617
4621,clarify,13616
4622,hunger,13609
4623,practitioner,13606
4624,performer,13603
4625,protective,13603
4626,jar,13598
4627,programming,13597
4628,dawn,13590
4629,salmon,13579
4630,census,13578
4631,pick,13577
4632,accomplishment,13575
4633,conscience,13568
4634,fortunately,13552
4635,minimal,13549
4636,molecule,13548
4637,supportive,13543
4638,sole,13543
4639,threshold,13540
4640,inventory,13538
4641,comply,13533
4642,monetary,13532
4643,transport,13531
4644,shy,13525
4645,drill,13524
4646,influential,13513
4647,verbal,13499
4648,reward,13495
4649,ranking,13487
4650,gram,13479
4651,grasp,13477
4652,puzzle,13476
4653,envelope,13474
4654,heat,13463
4655,classify,13459
4656,enact,13451
4657,unfortunate,13445
4658,scatter,13444
4659,cure,13442
4660,time,13440
4661,dear,13436
4662,slice,13431
4663,readily,13430
4664,damn,13429
4665,discount,13415
4666,addiction,13411
4667,emerging,13410
4668,worthy,13410
4669,marker,13409
4670,juror,13406
4671,mention,13404
4672,blend,13390
4673,businessman,13380
4674,premium,13379
4675,retailer,13374
4676,charge,13374
4677,liver,13374
4678,pirate,13368
4679,protester,13352
4680,outlook,13350
4681,elder,13336
4682,gallon,13333
4683,additionally,13324
4684,ignorance,13323
4685,chemistry,13323
4686,sometime,13317
4687,weed,13310
4688,babe,13309
4689,fraction,13308
4690,cook,13308
4691,conversion,13304
4692,object,13303
4693,tolerate,13298
4694,trail,13296
4695,drown,13296
4696,merit,13286
4697,citizenship,13283
4698,coordinator,13280
4699,validity,13278
4700,european,13273
4701,lightning,13272
4702,turtle,13267
4703,ambition,13267
4704,worldwide,13263
4705,sail,13257
4706,added,13256
4707,delicate,13248
4708,comic,13245
4709,soap,13244
4710,hostile,13242
4711,instruct,13240
4712,shortage,13236
4713,useless,13235
4714,booth,13234
4715,diary,13233
4716,gasp,13228
4717,suspicious,13224
4718,transit,13220
4719,excite,13219
4720,publishing,13216
4721,curiosity,13208
4722,grid,13205
4723,rolling,13198
4724,bow,13189
4725,cruel,13185
4726,disclosure,13185
4727,rival,13176
4728,denial,13171
4729,secular,13171
4730,flood,13171
4731,speculation,13167
4732,sympathy,13166
4733,tender,13158
4734,inappropriate,13156
4735,o'clock,13146
4736,sodium,13145
4737,divorce,13133
4738,spring,13122
4739,bang,13122
4740,challenging,13118
4741,ipad,13111
4742,sack,13104
4743,barn,13093
4744,reliability,13090
4745,hormone,13088
4746,footage,13085
4747,carve,13085
4748,alley,13070
4749,ease,13065
4750,coastal,13059
4751,cafe,13055
4752,partial,13052
4753,flexible,13049
4754,experienced,13044
4755,mixed,13032
4756,vampire,13030
4757,optimistic,13027
4758,dessert,13024
4759,well-being,13022
4760,northeast,13021
4761,specialize,13006
4762,fleet,13005
4763,availability,13004
4764,compliance,12998
4765,pin,12991
4766,pork,12986
4767,astronomer,12976
4768,like,12976
4769,forbid,12965
4770,installation,12961
4771,boil,12959
4772,nest,12951
4773,exclusively,12948
4774,goat,12944
4775,shallow,12943
4776,equip,12943
4777,equivalent,12941
4778,betray,12934
4779,willingness,12933
4780,banker,12931
4781,interval,12928
4782,gasoline,12925
4783,encouraging,12925
4784,rain,12924
4785,exchange,12921
4786,bucket,12920
4787,theft,12907
4788,laundry,12903
4789,constraint,12902
4790,dying,12893
4791,hatred,12892
4792,jewelry,12891
4793,migration,12885
4794,invention,12883
4795,loving,12868
4796,revenge,12868
4797,unprecedented,12862
4798,outline,12859
4799,sheer,12854
4800,halloween,12852
4801,sweetheart,12849
4802,spit,12849
4803,lazy,12843
4804,intimate,12841
4805,defender,12834
4806,technically,12830
4807,battle,12822
4808,cure,12811
4809,peanut,12808
4810,unclear,12805
4811,piss,12791
4812,workout,12786
4813,wilderness,12785
4814,compelling,12784
4815,eleven,12779
4816,arm,12779
4817,backyard,12774
4818,alike,12770
4819,partially,12770
4820,transport,12766
4821,guardian,12766
4822,passionate,12756
4823,scripture,12756
4824,midst,12746
4825,ideological,12746
4826,apart,12746
4827,thrive,12742
4828,sensitivity,12741
4829,trigger,12735
4830,emotionally,12733
4831,ignorant,12730
4832,explicitly,12728
4833,unfold,12727
4834,headache,12724
4835,eternal,12724
4836,chop,12715
4837,ego,12711
4838,spectacular,12709
4839,deposit,12707
4840,verdict,12702
4841,regard,12699
4842,accountability,12699
4843,nominate,12699
4844,civic,12697
4845,uncover,12692
4846,critique,12684
4847,aisle,12675
4848,tropical,12673
4849,annually,12669
4850,eighth,12667
4851,blast,12661
4852,corrupt,12648
4853,compassion,12648
4854,scratch,12637
4855,verify,12629
4856,offender,12622
4857,inherit,12611
4858,strive,12596
4859,downtown,12591
4860,chunk,12574
4861,appreciation,12571
4862,canvas,12570
4863,punch,12563
4864,short-term,12550
4865,proceedings,12549
4866,magical,12544
4867,loyal,12539
4868,aah,12535
4869,desperately,12530
4870,throne,12528
4871,brutal,12526
4872,spite,12519
4873,propaganda,12518
4874,irony,12516
4875,soda,12515
4876,projection,12504
4877,dutch,12496
4878,parental,12490
4879,disabled,12489
4880,collector,12480
4881,re-election,12476
4882,disappointment,12475
4883,comic,12473
4884,aid,12471
4885,happily,12458
4886,steep,12454
4887,fancy,12450
4888,counter,12446
4889,listener,12445
4890,whip,12443
4891,public,12443
4892,drawer,12435
4893,heck,12434
4894,developmental,12433
4895,ideal,12428
4896,ash,12427
4897,socially,12426
4898,courtroom,12425
4899,stamp,12425
4900,solo,12423
4901,trainer,12418
4902,induce,12416
4903,anytime,12412
4904,morality,12409
4905,syrian,12405
4906,pipeline,12400
4907,bride,12400
4908,instant,12399
4909,spark,12395
4910,doorway,12395
4911,interface,12393
4912,learner,12390
4913,casino,12390
4914,placement,12390
4915,cord,12388
4916,fan,12388
4917,conception,12388
4918,flexibility,12388
4919,thou,12383
4920,tax,12374
4921,elegant,12371
4922,flaw,12369
4923,locker,12368
4924,peel,12364
4925,campaign,12363
4926,twist,12352
4927,spell,12350
4928,objective,12348
4929,plea,12345
4930,goddamn,12338
4931,import,12336
4932,stack,12330
4933,gosh,12320
4934,philosophical,12320
4935,junk,12319
4936,bicycle,12317
4937,vocal,12312
4938,chew,12299
4939,destiny,12299
4940,ambitious,12298
4941,unbelievable,12297
4942,vice,12292
4943,halfway,12286
4944,jealous,12285
4945,sphere,12268
4946,invade,12265
4947,sponsor,12261
4948,excessive,12254
4949,countless,12253
4950,sunset,12247
4951,interior,12243
4952,accounting,12243
4953,faithful,12238
4954,freely,12225
4955,extract,12222
4956,adaptation,12219
4957,ray,12217
4958,depressed,12214
4959,emperor,12213
4960,wagon,12213
4961,columnist,12211
4962,jungle,12210
4963,embarrassed,12208
4964,trillion,12205
4965,breeze,12205
4966,blame,12192
4967,foster,12185
4968,venue,12178
4969,discourage,12176
4970,disturbing,12172
4971,riot,12165
4972,isolation,12165
4973,explicit,12162
4974,commodity,12158
4975,attendance,12157
4976,tab,12156
4977,consequently,12152
4978,dough,12151
4979,novel,12151
4980,streak,12142
4981,silk,12138
4982,similarity,12128
4983,steak,12124
4984,dancing,12121
4985,petition,12115
4986,viable,12111
4987,breathing,12110
4988,mm,12103
4989,balloon,12102
4990,monument,12094
4991,try,12093
4992,cue,12092
4993,sleeve,12091
4994,toll,12080
4995,reluctant,12077
4996,warrant,12077
4997,stiff,12076
4998,tattoo,12072
4999,softly,12072
5000,sudden,12072
5001,graduation,12066
5002,japanese,12064
5003,deliberately,12064
5004,consecutive,12059
5005,upgrade,12053
5006,associate,12053
5007,accurately,12052
5008,strictly,12034
5009,leak,12029
5010,casualty,12017
5011,risky,12017
5012,banana,12015
5013,blank,12014
5014,beneficial,12013
5015,shrink,12008
5016,chat,11999
5017,rack,11999
5018,rude,11999
5019,usage,11995
5020,testament,11993
5021,browser,11987
5022,processor,11981
5023,thigh,11981
5024,perceived,11974
5025,yield,11970
5026,talking,11958
5027,merchant,11955
5028,quantum,11949
5029,eyebrow,11943
5030,surrounding,11942
5031,vocabulary,11941
5032,ashamed,11937
5033,eh,11934
5034,radar,11932
5035,stunning,11930
5036,murderer,11928
5037,burger,11920
5038,collar,11916
5039,align,11912
5040,textbook,11905
5041,sensation,11903
5042,afterward,11893
5043,charm,11889
5044,sunny,11889
5045,hammer,11886
5046,keyboard,11885
5047,persist,11880
5048,wheat,11877
5049,predator,11876
5050,bizarre,11875
