rank,word,freq
1,the,50033612
2,be,32394756
3,and,24778098
4,a,24225478
5,of,23159162
6,to,16770155
7,in,15670692
8,i,14217601
9,you,12079413
10,it,11042044
11,have,10514314
12,that,8319512
13,for,8194970
14,do,8186412
15,he,6467470
16,with,6442861
17,on,6080156
18,this,5541440
19,n't,5285354
20,we,5180711
21,not,4655980
22,but,4523086
23,they,4503650
24,say,4096416
25,at,4024079
26,what,3807502
27,his,3718978
28,from,3711425
29,go,3546732
30,or,3420339
31,by,3372222
32,get,3347615
33,she,3188078
34,my,3106939
35,can,3091046
36,as,2946119
37,know,2761628
38,if,2709809
39,me,2638743
40,your,2577505
41,all,2503556
42,who,2493429
43,about,2427703
44,their,2417058
45,will,2372215
46,so,2369749
47,would,2349400
48,make,2290830
49,just,2270900
50,up,2108756
51,think,2077762
52,time,2018725
53,there,1980173
54,see,1958700
55,her,1931189
56,out,1828593
57,one,1816593
58,come,1802158
59,people,1800205
60,take,1768822
61,year,1729962
62,him,1717209
63,them,1701589
64,some,1684262
65,want,1671524
66,how,1666469
67,when,1650353
68,which,1613281
69,now,1601991
70,like,1583444
71,other,1539952
72,could,1529795
73,our,1467955
74,into,1461573
75,here,1413594
76,then,1344434
77,than,1342798
78,look,1338475
79,way,1260011
80,more,1248955
81,these,1223310
82,no,1206112
83,thing,1202004
84,well,1189096
85,because,1167024
86,also,1142799
87,two,1139973
88,use,1126042
89,tell,1119692
90,good,1111721
91,first,1101803
92,man,1091176
93,day,1068902
94,find,1051936
95,give,1048189
96,new,1017175
97,us,992207
98,any,981535
99,those,964458
100,very,963552
101,need,945498
102,back,938649
103,should,920908
104,even,920346
105,only,905093
106,many,903833
107,really,895900
108,work,854095
109,life,852257
110,why,832911
111,right,830729
112,down,820294
113,try,795248
114,let,780929
115,something,779903
116,too,771375
117,call,768117
118,woman,759817
119,may,757742
120,still,757548
121,through,752325
122,mean,748840
123,after,745154
124,never,744608
125,world,732511
126,feel,722826
127,yeah,703928
128,great,696589
129,last,692989
130,child,685426
131,oh,685234
132,over,679617
133,ask,676596
134,school,660191
135,state,638012
136,much,636642
137,talk,635614
138,keep,626487
139,leave,622651
140,put,616952
141,help,606887
142,big,600364
143,where,597351
144,same,592441
145,own,579172
146,while,579023
147,start,578246
148,three,570885
149,high,567720
150,every,567233
151,another,565094
152,become,561963
153,most,561354
154,between,558517
155,happen,552797
156,family,544520
157,president,538319
158,old,537424
159,yes,537066
160,house,537037
161,show,536889
162,again,530706
163,student,530196
164,seem,522940
165,might,521992
166,part,517693
167,hear,516483
168,its,511922
169,place,508803
170,problem,504175
171,believe,500511
172,country,499369
173,always,492943
174,week,484834
175,point,484094
176,hand,481332
177,off,479459
178,play,478740
179,turn,477668
180,few,472804
181,group,470971
182,such,468655
183,against,467705
184,run,465066
185,guy,464082
186,case,458383
187,question,457301
188,night,452094
189,live,450380
190,game,445149
191,number,444412
192,write,439865
193,bring,439445
194,without,438567
195,money,437583
196,lot,437545
197,book,435387
198,system,435303
199,government,434971
200,next,433864
201,city,433843
202,company,432469
203,story,432184
204,today,431562
205,job,430995
206,move,430324
207,must,427796
208,bad,426558
209,friend,423755
210,during,423624
211,begin,421878
212,love,417532
213,each,414659
214,hold,413837
215,different,413578
216,american,410698
217,little,404660
218,before,402959
219,ever,402590
220,word,402216
221,fact,399574
222,read,386137
223,anything,384508
224,nothing,383744
225,sure,383701
226,small,382563
227,month,381833
228,program,375708
229,maybe,374325
230,under,373903
231,business,373744
232,home,370758
233,kind,367584
234,stop,366567
235,pay,365255
236,study,364915
237,since,363805
238,issue,362137
239,name,361916
240,idea,358006
241,room,357682
242,percent,357515
243,far,357192
244,away,355515
245,law,354958
246,actually,353857
247,large,353703
248,though,352608
249,provide,351941
250,lose,351650
251,power,351483
252,kid,351451
253,war,350575
254,understand,349141
255,head,348664
256,mother,348470
257,real,348239
258,best,348202
259,team,348063
260,eye,347153
261,long,345462
262,side,342841
263,water,342574
264,young,341002
265,wait,339926
266,okay,339699
267,both,338454
268,yet,338408
269,meet,333954
270,service,332313
271,area,331866
272,important,331646
273,person,330987
274,hey,330236
275,thank,330129
276,someone,328998
277,end,328699
278,change,327637
279,however,326015
280,around,324064
281,hour,323999
282,everything,323760
283,national,321960
284,four,319834
285,line,319492
286,girl,319120
287,watch,318772
288,until,318392
289,father,318173
290,sit,315022
291,create,314631
292,information,314341
293,car,313437
294,learn,312649
295,least,311569
296,already,311502
297,kill,307305
298,minute,306541
299,party,304325
300,include,304197
301,stand,303462
302,together,302942
303,follow,300266
304,health,300262
305,remember,298221
306,often,295709
307,reason,295577
308,speak,295523
309,ago,294921
310,set,293144
311,black,293101
312,member,292596
313,community,290489
314,once,290446
315,social,290372
316,news,289175
317,allow,288559
318,win,288308
319,body,287817
320,lead,285740
321,continue,282352
322,whether,280973
323,enough,280789
324,spend,280371
325,level,279770
326,able,279559
327,political,279410
328,almost,279393
329,boy,279283
330,university,279132
331,stay,275504
332,add,275233
333,later,274178
334,five,270274
335,probably,269732
336,center,268821
337,among,267798
338,face,266458
339,public,265061
340,die,264537
341,food,262697
342,else,261804
343,history,261045
344,buy,260201
345,result,259961
346,morning,259129
347,parent,258181
348,office,258157
349,course,257245
350,send,256309
351,research,255123
352,walk,253671
353,door,252623
354,white,251664
355,several,251543
356,court,250891
357,grow,248803
358,better,247453
359,open,247043
360,moment,246362
361,including,245445
362,consider,244644
363,within,243714
364,second,243485
365,late,242755
366,street,242552
367,free,242338
368,everyone,241313
369,policy,240181
370,table,238887
371,sorry,237541
372,care,237259
373,low,237027
374,human,236187
375,please,236175
376,hope,235945
377,TRUE,235467
378,process,235304
379,teacher,234642
380,data,234516
381,offer,234189
382,death,233153
383,whole,233110
384,experience,232376
385,plan,231629
386,easy,231262
387,education,231036
388,build,230071
389,expect,229855
390,fall,229161
391,himself,228757
392,age,228610
393,hard,228234
394,sense,226539
395,across,226402
396,early,224665
397,college,224634
398,music,222767
399,appear,221287
400,mind,220441
401,class,219160
402,police,219041
403,effect,217999
404,season,217695
405,tax,217131
406,heart,216345
407,son,216216
408,art,215981
409,possible,213803
410,serve,213511
411,break,213364
412,although,212390
413,market,210848
414,air,210307
415,force,210010
416,require,209616
417,foot,209334
418,listen,208819
419,agree,208506
420,according,208405
421,anyone,207907
422,baby,207577
423,wrong,206856
424,cut,205886
425,decide,205447
426,republican,204793
427,full,204252
428,behind,203530
429,pass,203033
430,interest,202642
431,sometimes,201833
432,security,201542
433,eat,201315
434,report,201020
435,control,200879
436,rate,200828
437,local,200668
438,suggest,200560
439,nation,200021
440,sell,198982
441,action,198530
442,support,198185
443,wife,197306
444,decision,196426
445,receive,196239
446,value,195639
447,base,195474
448,pick,195443
449,phone,194941
450,thanks,194839
451,event,194748
452,drive,194360
453,strong,193876
454,reach,193684
455,remain,193577
456,explain,193276
457,site,193251
458,hit,192969
459,pull,192457
460,church,191872
461,model,191448
462,perhaps,191398
463,relationship,191344
464,six,191200
465,fine,190779
466,movie,190773
467,field,190489
468,raise,190353
469,less,190003
470,player,189280
471,couple,189272
472,million,188521
473,themselves,188414
474,record,187057
475,especially,186130
476,difference,185310
477,light,185287
478,development,185238
479,federal,185144
480,former,185057
481,role,184483
482,pretty,183711
483,myself,183232
484,view,182417
485,price,181918
486,effort,181751
487,nice,181568
488,quite,181432
489,along,181372
490,voice,181328
491,finally,181233
492,department,181181
493,either,181133
494,toward,180784
495,leader,180573
496,photo,177976
497,wear,177786
498,space,177126
499,project,177076
500,return,176787
501,position,176578
502,special,176515
503,film,175442
504,major,175432
505,type,173975
506,town,173905
507,article,173819
508,road,173413
509,form,173161
510,chance,172820
511,drug,172756
512,economic,172153
513,situation,171026
514,choose,170716
515,practice,170654
516,cause,170629
517,happy,170573
518,science,170488
519,join,170302
520,teach,169673
521,develop,168894
522,share,168892
523,yourself,168841
524,carry,168820
525,clear,168587
526,brother,167417
527,matter,167351
528,dead,167302
529,image,167053
530,star,167036
531,cost,166775
532,simply,166556
533,post,166265
534,society,165769
535,picture,165703
536,piece,165538
537,paper,165070
538,energy,164622
539,personal,164270
540,building,164119
541,military,163555
542,doctor,163129
543,activity,162943
544,exactly,162663
545,media,162177
546,miss,162066
547,evidence,162050
548,product,161999
549,realize,161762
550,save,161469
551,arm,161185
552,technology,160819
553,catch,160594
554,comment,160451
555,term,160014
556,color,160011
557,cover,159606
558,describe,159521
559,guess,159454
560,choice,159277
561,source,158588
562,mom,158511
563,soon,158194
564,director,158028
565,international,157724
566,rule,157468
567,campaign,157373
568,ground,156706
569,election,156532
570,uh,156333
571,check,155591
572,page,154863
573,fight,154643
574,itself,154505
575,test,154189
576,patient,154125
577,produce,154082
578,certain,154059
579,whatever,153872
580,half,153688
581,video,153563
582,throw,152388
583,third,152339
584,rest,151864
585,recent,151697
586,available,151406
587,step,151394
588,ready,151349
589,opportunity,151226
590,official,150423
591,oil,150410
592,organization,149261
593,character,148825
594,single,148796
595,current,148387
596,likely,148216
597,county,148165
598,future,147923
599,dad,147520
600,whose,147491
601,shoot,147137
602,industry,146746
603,list,146495
604,general,146275
605,stuff,145992
606,figure,145812
607,attention,145669
608,forget,145557
609,risk,145334
610,focus,144896
611,short,144842
612,fire,144750
613,dog,144648
614,red,144046
615,hair,143875
616,condition,143732
617,wall,143389
618,daughter,142747
619,deal,142589
620,author,142352
621,truth,142017
622,upon,141420
623,husband,141289
624,period,141173
625,series,140231
626,order,140025
627,officer,139938
628,close,139704
629,land,139579
630,note,139111
631,computer,139082
632,thought,139016
633,economy,138752
634,goal,138693
635,bank,138673
636,behavior,138400
637,sound,138386
638,certainly,138162
639,nearly,138034
640,increase,137709
641,act,137668
642,north,137666
643,blood,137579
644,culture,137140
645,medical,136850
646,ok,136788
647,everybody,136787
648,top,136658
649,difficult,136474
650,language,136124
651,window,136043
652,response,135942
653,population,135733
654,lie,135712
655,tree,135666
656,park,135440
657,worker,135244
658,draw,135022
659,drop,134220
660,push,134206
661,earth,134202
662,per,133974
663,private,133907
664,tonight,133341
665,race,133182
666,letter,132828
667,gun,132572
668,simple,132004
669,wonder,131649
670,involve,131275
671,hell,131265
672,poor,131105
673,answer,130534
674,nature,130378
675,administration,130297
676,common,130294
677,message,129799
678,song,129648
679,enjoy,129575
680,similar,129272
681,congress,128923
682,attack,128893
683,past,128832
684,hot,128310
685,seek,128234
686,amount,128075
687,analysis,128029
688,store,127984
689,defense,127924
690,bill,127919
691,cell,127818
692,performance,127318
693,hospital,127317
694,bed,127232
695,board,127202
696,protect,126672
697,century,126668
698,summer,126418
699,material,126254
700,individual,125578
701,recently,125532
702,example,125442
703,represent,125330
704,fill,125249
705,animal,124835
706,fail,124675
707,factor,123915
708,natural,123788
709,sir,123629
710,agency,123524
711,usually,123303
712,significant,123040
713,ability,122943
714,mile,122899
715,statement,122852
716,entire,122397
717,democrat,122325
718,floor,122291
719,serious,122251
720,career,122177
721,dollar,121984
722,vote,121578
723,sex,121352
724,compare,120978
725,south,120894
726,forward,120845
727,subject,120773
728,financial,120726
729,identify,120690
730,beautiful,120679
731,decade,120539
732,bit,120467
733,reduce,120399
734,sister,120346
735,quality,120236
736,quickly,120136
737,press,119485
738,worry,119256
739,accept,119245
740,enter,119119
741,mention,119033
742,thus,118653
743,plant,118323
744,movement,118118
745,scene,118003
746,section,117170
747,treatment,116893
748,wish,116884
749,benefit,116806
750,interesting,116773
751,west,116683
752,candidate,116347
753,approach,116173
754,determine,116138
755,resource,116078
756,claim,116020
757,prove,115910
758,sort,115486
759,size,115388
760,somebody,115363
761,knowledge,115356
762,rather,115104
763,hang,114959
764,sport,114894
765,tv,114859
766,loss,114630
767,argue,114425
768,left,114320
769,meeting,114209
770,skill,113912
771,card,113472
772,feeling,113414
773,despite,113257
774,degree,113046
775,crime,112978
776,sign,112603
777,occur,112575
778,imagine,112572
779,near,112214
780,king,112088
781,box,112035
782,present,111731
783,seven,111646
784,foreign,111509
785,laugh,111440
786,disease,111433
787,lady,111384
788,beyond,111221
789,discuss,111181
790,finish,111094
791,design,111026
792,concern,110976
793,ball,110770
794,east,110589
795,recognize,110405
796,apply,110328
797,prepare,110266
798,network,110210
799,huge,110088
800,success,110030
801,district,109941
802,cup,109915
803,physical,109576
804,growth,109567
805,rise,109035
806,hi,108665
807,standard,107818
808,fan,107631
809,theory,107486
810,staff,107396
811,hurt,107262
812,legal,107134
813,september,106932
814,outside,106572
815,et,106546
816,strategy,106236
817,clearly,105965
818,property,105851
819,lay,105812
820,final,105688
821,authority,105586
822,perfect,105560
823,method,105544
824,region,105382
825,impact,105330
826,indicate,105304
827,safe,105273
828,committee,105133
829,supposed,105037
830,dream,104797
831,training,104563
832,shit,104498
833,central,104403
834,option,104245
835,eight,104060
836,particularly,104018
837,completely,103941
838,opinion,103920
839,main,103803
840,ten,103677
841,interview,103566
842,exist,103550
843,remove,103480
844,dark,103384
845,union,102805
846,professor,102741
847,pressure,102669
848,purpose,102642
849,stage,102611
850,blue,102172
851,herself,102154
852,sun,102043
853,pain,101918
854,artist,101861
855,employee,101818
856,avoid,101794
857,account,101683
858,release,101668
859,fund,101503
860,environment,101479
861,treat,101438
862,specific,101222
863,version,101091
864,shot,101016
865,hate,100757
866,reality,100700
867,visit,100463
868,club,100411
869,justice,100360
870,river,100270
871,brain,100235
872,memory,100235
873,rock,100028
874,camera,99855
875,global,99848
876,various,99838
877,arrive,99819
878,notice,99709
879,detail,99477
880,challenge,99455
881,argument,99403
882,nobody,99029
883,weapon,98828
884,station,98720
885,island,98596
886,absolutely,98574
887,instead,98540
888,discussion,98359
889,affect,98073
890,anyway,97831
891,respond,97750
892,trouble,97439
893,conversation,97193
894,manage,97135
895,date,97094
896,army,97025
897,charge,96872
898,seat,96853
899,assume,96840
900,writer,96279
901,perform,96202
902,credit,95981
903,green,95937
904,marriage,95885
905,operation,95878
906,indeed,95860
907,sleep,95600
908,necessary,95580
909,reveal,95401
910,agent,95371
911,access,95371
912,bar,95305
913,debate,95244
914,leg,95185
915,contain,95143
916,beat,94941
917,cool,94920
918,democratic,94862
919,cold,94856
920,glass,94803
921,improve,94764
922,adult,94547
923,trade,94509
924,religious,94485
925,review,94364
926,address,94155
927,association,94100
928,measure,93952
929,stock,93809
930,gas,93763
931,deep,93753
932,lawyer,93526
933,production,93507
934,relate,93433
935,middle,93428
936,management,93289
937,original,93230
938,victim,93207
939,cancer,93157
940,speech,92837
941,particular,92775
942,trial,92762
943,none,92729
944,item,92545
945,weight,92516
946,tomorrow,92490
947,positive,92223
948,citizen,92182
949,trip,91830
950,establish,91776
951,executive,91696
952,politics,91621
953,stick,91597
954,customer,91563
955,manager,91527
956,publish,91441
957,popular,91435
958,sing,91395
959,ahead,91325
960,conference,91185
961,total,91071
962,discover,90959
963,fast,90956
964,direction,90826
965,sunday,90771
966,maintain,90737
967,majority,90548
968,peace,90518
969,dinner,90516
970,partner,90455
971,user,90342
972,above,90318
973,fly,90236
974,bag,90234
975,therefore,89981
976,rich,89706
977,owner,89612
978,tough,89612
979,shall,89582
980,inside,89494
981,voter,89245
982,tool,89236
983,june,89233
984,mountain,88984
985,range,88892
986,coach,88826
987,fear,88724
988,friday,88632
989,attorney,88616
990,unless,88605
991,nor,88431
992,expert,88134
993,structure,88114
994,budget,88084
995,insurance,88036
996,text,87811
997,freedom,87806
998,crazy,87804
999,reader,87422
1000,style,87244
1001,march,87215
1002,machine,87156
1003,november,87108
1004,generation,87071
1005,income,86902
1006,born,86829
1007,admit,86631
1008,hello,86614
1009,onto,86605
1010,sea,86544
1011,mouth,86406
1012,throughout,86381
1013,web,85868
1014,shake,85841
1015,threat,85754
1016,solution,85661
1017,shut,85625
1018,travel,85441
1019,scientist,85428
1020,hide,85395
1021,obviously,85364
1022,refer,85212
1023,alone,85036
1024,drink,84895
1025,investigation,84783
1026,senator,84544
1027,unit,84518
1028,photograph,84476
1029,july,84439
1030,television,84433
1031,key,84228
1032,sexual,84220
1033,radio,84218
1034,prevent,84179
1035,modern,83945
1036,senate,83931
1037,violence,83882
1038,touch,83871
1039,feature,83853
1040,audience,83493
1041,evening,83312
1042,whom,83267
1043,front,83180
1044,hall,82960
1045,task,82839
1046,score,82738
1047,skin,82598
1048,suffer,82579
1049,wide,82565
1050,spring,82557
1051,civil,82544
1052,safety,82535
1053,weekend,82429
1054,worth,82178
1055,title,82165
1056,heat,82112
1057,normal,82076
1058,yard,81852
1059,finger,81817
1060,tend,81665
1061,mission,81524
1062,eventually,81481
1063,participant,81371
1064,hotel,81364
1065,judge,81312
1066,pattern,81097
1067,institution,80998
1068,faith,80912
1069,professional,80903
1070,reflect,80851
1071,folk,80843
1072,surface,80819
1073,client,80584
1074,edge,80577
1075,traditional,80470
1076,council,80469
1077,device,80398
1078,firm,80364
1079,environmental,80328
1080,responsibility,80294
1081,chair,80186
1082,internet,80144
1083,october,80099
1084,funny,79978
1085,immediately,79856
1086,investment,79833
1087,ship,79715
1088,effective,79635
1089,previous,79535
1090,content,79496
1091,consumer,79489
1092,element,79440
1093,nuclear,79435
1094,spirit,79123
1095,directly,79121
1096,afraid,78979
1097,define,78953
1098,handle,78899
1099,track,78828
1100,wind,78623
1101,lack,78587
1102,announce,78426
1103,journal,78364
1104,heavy,78327
1105,ice,78316
1106,collection,78281
1107,feed,78280
1108,soldier,78276
1109,governor,78194
1110,fish,78114
1111,shoulder,78062
1112,cultural,78023
1113,successful,77999
1114,fair,77775
1115,trust,77728
1116,suddenly,77721
1117,interested,77632
1118,deliver,77338
1119,saturday,77290
1120,editor,77280
1121,fresh,77195
1122,anybody,77150
1123,destroy,77088
1124,critical,77026
1125,agreement,76793
1126,powerful,76773
1127,researcher,76737
1128,concept,76679
1129,willing,76629
1130,band,76423
1131,marry,76412
1132,promise,76397
1133,easily,76348
1134,restaurant,76197
1135,league,76178
1136,senior,76109
1137,capital,76018
1138,anymore,75907
1139,april,75906
1140,potential,75838
1141,etc,75726
1142,quick,75637
1143,magazine,75615
1144,status,75577
1145,attend,75448
1146,replace,75439
1147,due,75368
1148,hill,75365
1149,kitchen,75167
1150,achieve,74946
1151,screen,74705
1152,generally,74681
1153,mistake,74643
1154,strike,74378
1155,battle,74296
1156,spot,74296
1157,basic,74208
1158,corner,74047
1159,target,73925
1160,driver,73902
1161,beginning,73853
1162,religion,73744
1163,crisis,73691
1164,count,73650
1165,museum,73559
1166,engage,73493
1167,communication,73413
1168,murder,73388
1169,blow,73361
1170,object,73304
1171,express,73274
1172,huh,73257
1173,encourage,73251
1174,blog,73163
1175,smile,73137
1176,belief,73067
1177,block,73065
1178,debt,73015
1179,labor,72759
1180,understanding,72651
1181,neighborhood,72625
1182,contract,72568
1183,species,72542
1184,additional,72539
1185,sample,72489
1186,involved,72455
1187,mostly,72378
1188,path,72335
1189,concerned,72309
1190,apple,72273
1191,conduct,72181
1192,god,72022
1193,wonderful,71940
1194,library,71921
1195,prison,71871
1196,hole,71837
1197,attempt,71833
1198,complete,71752
1199,code,71659
1200,sales,71601
1201,gift,71372
1202,refuse,71277
1203,garden,71243
1204,introduce,71221
1205,roll,71123
1206,christian,71055
1207,definitely,70982
1208,lake,70940
1209,earn,70697
1210,plane,70679
1211,vehicle,70662
1212,examine,70501
1213,application,70441
1214,thousand,70404
1215,coffee,70366
1216,gain,70275
1217,file,70059
1218,billion,70048
1219,reform,70010
1220,ignore,70007
1221,welcome,69914
1222,gold,69903
1223,jump,69861
1224,planet,69822
1225,location,69669
1226,bird,69662
1227,amazing,69525
1228,principle,69403
1229,promote,69398
1230,search,69392
1231,nine,69389
1232,alive,69360
1233,possibility,69316
1234,sky,69285
1235,otherwise,69243
1236,remind,69182
1237,healthy,69023
1238,fit,68996
1239,horse,68883
1240,advantage,68866
1241,commercial,68821
1242,steal,68807
1243,basis,68758
1244,context,68668
1245,highly,68586
1246,christmas,68542
1247,strength,68537
1248,monday,68488
1249,beach,68303
1250,survey,68301
1251,writing,68200
1252,master,68182
1253,cry,68161
1254,scale,68139
1255,resident,68096
1256,football,68073
1257,sweet,67903
1258,failure,67885
1259,reporter,67831
1260,commit,67792
1261,associate,67750
1262,vision,67714
1263,function,67710
1264,truly,67680
1265,sick,67645
1266,average,67618
1267,stupid,67597
1268,chinese,67573
1269,connection,67550
1270,camp,67510
1271,stone,67456
1272,hundred,67455
1273,truck,67403
1274,afternoon,67378
1275,responsible,67329
1276,secretary,67325
1277,apparently,67248
1278,smart,67232
1279,southern,67179
1280,totally,67117
1281,western,67085
1282,collect,67062
1283,conflict,67061
1284,burn,66886
1285,learning,66879
1286,wake,66773
1287,contribute,66772
1288,ride,66723
1289,british,66700
1290,following,66684
1291,newspaper,66598
1292,foundation,66578
1293,variety,66555
1294,perspective,66540
1295,document,66467
1296,presence,66412
1297,stare,66392
1298,lesson,66252
1299,limit,66220
1300,appreciate,66216
1301,observe,66197
1302,currently,66051
1303,fun,65982
1304,crowd,65965
1305,apartment,65884
1306,survive,65838
1307,guest,65818
1308,soul,65749
1309,protection,65690
1310,intelligence,65687
1311,yesterday,65635
1312,somewhere,65620
1313,border,65422
1314,reading,65417
1315,terms,65413
1316,leadership,65396
1317,chief,65311
1318,attitude,65288
1319,um,65033
1320,deny,64887
1321,website,64875
1322,seriously,64827
1323,actual,64818
1324,recall,64789
1325,fix,64728
1326,negative,64601
1327,connect,64462
1328,distance,64404
1329,regular,64293
1330,climate,64223
1331,relation,64199
1332,flight,64148
1333,dangerous,64067
1334,boat,64026
1335,aspect,63967
1336,grab,63946
1337,favorite,63804
1338,january,63714
1339,independent,63631
1340,volume,63626
1341,am,63615
1342,lots,63604
1343,online,63564
1344,theater,63549
1345,speed,63502
1346,aware,63488
1347,identity,63440
1348,demand,63402
1349,extra,63392
1350,guard,63290
1351,demonstrate,63269
1352,fully,63238
1353,tuesday,63179
1354,facility,63117
1355,farm,62942
1356,august,62821
1357,hire,62794
1358,link,62629
1359,shoe,62523
1360,institute,62451
1361,below,62313
1362,living,62299
1363,european,62156
1364,quarter,62138
1365,basically,62046
1366,forest,61942
1367,multiple,61694
1368,poll,61677
1369,wild,61605
1370,twice,61563
1371,cross,61522
1372,background,61431
1373,settle,61424
1374,winter,61394
1375,presidential,61351
1376,operate,61296
1377,fuck,61292
1378,daily,61083
1379,shop,61038
1380,division,60892
1381,slowly,60889
1382,advice,60861
1383,reaction,60811
1384,injury,60769
1385,ticket,60721
1386,grade,60710
1387,wow,60702
1388,birth,60673
1389,painting,60548
1390,outcome,60498
1391,enemy,60473
1392,damage,60384
1393,being,60354
1394,storm,60280
1395,shape,60252
1396,bowl,60234
1397,commission,60218
1398,captain,60187
1399,ear,60160
1400,troop,60133
1401,female,60116
1402,wood,60115
1403,warm,60062
1404,clean,60059
1405,minister,59752
1406,neighbor,59746
1407,tiny,59714
1408,mental,59701
1409,software,59696
1410,glad,59681
1411,finding,59632
1412,lord,59563
1413,temperature,59493
1414,quiet,59485
1415,spread,59483
1416,bright,59449
1417,influence,59350
1418,kick,59307
1419,annual,59301
1420,procedure,59288
1421,respect,59226
1422,wave,59169
1423,tradition,59099
1424,threaten,59034
1425,primary,58990
1426,strange,58863
1427,actor,58856
1428,blame,58815
1429,active,58801
1430,cat,58763
1431,depend,58725
1432,bus,58707
1433,clothes,58660
1434,affair,58553
1435,contact,58518
1436,category,58470
1437,topic,58410
1438,victory,58342
1439,direct,58289
1440,towards,58251
1441,map,58218
1442,egg,58198
1443,ensure,58156
1444,expression,58120
1445,session,58108
1446,competition,58102
1447,possibly,58071
1448,technique,58028
1449,mine,58009
1450,intend,57970
1451,impossible,57892
1452,moral,57787
1453,academic,57717
1454,wine,57614
1455,somehow,57596
1456,gather,57562
1457,scientific,57547
1458,african,57497
1459,cook,57383
1460,participate,57361
1461,gay,57195
1462,appropriate,57163
1463,youth,57132
1464,dress,56967
1465,straight,56942
1466,weather,56939
1467,recommend,56938
1468,medicine,56814
1469,novel,56709
1470,obvious,56696
1471,thursday,56611
1472,exchange,56534
1473,explore,56474
1474,extend,56458
1475,bay,56420
1476,invite,56415
1477,tie,56394
1478,ah,56374
1479,belong,56342
1480,obtain,56312
1481,broad,56310
1482,conclusion,56296
1483,progress,56162
1484,surprise,56116
1485,assessment,55956
1486,cash,55856
1487,defend,55825
1488,pound,55670
1489,correct,55632
1490,married,55629
1491,pair,55530
1492,slightly,55389
1493,loan,55348
1494,village,55217
1495,suit,55200
1496,historical,55028
1497,meaning,55014
1498,supply,54988
1499,lift,54954
1500,ourselves,54951
1501,honey,54912
1502,bone,54911
1503,consequence,54883
1504,unique,54827
1505,regulation,54726
1506,award,54712
1507,bottom,54701
1508,excuse,54672
1509,familiar,54651
1510,classroom,54542
1511,reference,54390
1512,emerge,54379
1513,lunch,54300
1514,ad,54265
1515,desire,54265
1516,instruction,54207
1517,emergency,54204
1518,thinking,54200
1519,tour,54157
1520,french,54133
1521,combine,54133
1522,moon,54069
1523,sad,54041
1524,december,53957
1525,anywhere,53945
1526,chicken,53916
1527,fuel,53882
1528,train,53865
1529,abuse,53777
1530,construction,53745
1531,wednesday,53706
1532,deserve,53654
1533,famous,53575
1534,intervention,53351
1535,grand,53325
1536,confirm,53256
1537,lucky,53231
1538,insist,53141
1539,coast,53114
1540,proud,53067
1541,fourth,53036
1542,cop,52982
1543,angry,52980
1544,native,52950
1545,supreme,52933
1546,baseball,52864
1547,email,52826
1548,accident,52784
1549,duty,52673
1550,growing,52661
1551,struggle,52598
1552,revenue,52579
1553,expand,52529
1554,launch,52479
1555,trend,52452
1556,ring,52405
1557,repeat,52290
1558,breath,52280
1559,inch,52275
1560,neck,52214
1561,core,52195
1562,terrible,52179
1563,relatively,52070
1564,complex,51957
1565,slow,51880
1566,soft,51824
1567,generate,51796
1568,extremely,51789
1569,forever,51747
1570,corporate,51712
1571,prefer,51684
1572,except,51607
1573,cheap,51588
1574,literature,51523
1575,mayor,51481
1576,male,51453
1577,importance,51419
1578,danger,51331
1579,emotional,51327
1580,knee,51298
1581,ass,51238
1582,capture,51215
1583,traffic,51138
1584,fucking,51076
1585,plate,50934
1586,equipment,50894
1587,select,50804
1588,studio,50758
1589,expensive,50744
1590,secret,50730
1591,engine,50724
1592,adopt,50605
1593,luck,50589
1594,via,50560
1595,pm,50551
1596,panel,50544
1597,hero,50520
1598,circle,50510
1599,critic,50462
1600,solve,50437
1601,busy,50363
1602,episode,50354
1603,requirement,50272
1604,politician,50171
1605,rain,50093
1606,colleague,50084
1607,disappear,50053
1608,beer,50024
1609,predict,50013
1610,exercise,49985
1611,tired,49972
1612,democracy,49951
1613,ultimately,49899
1614,setting,49873
1615,honor,49871
1616,works,49867
1617,unfortunately,49863
1618,theme,49821
1619,united,49746
1620,pool,49670
1621,educational,49636
1622,empty,49565
1623,comfortable,49532
1624,investigate,49473
1625,useful,49468
1626,pocket,49462
1627,digital,49461
1628,plenty,49361
1629,entirely,49352
1630,afford,49246
1631,sugar,49230
1632,teaching,49167
1633,conservative,49144
1634,chairman,49123
1635,error,49042
1636,bridge,49030
1637,tall,48978
1638,specifically,48927
1639,flower,48912
1640,universe,48854
1641,acknowledge,48811
1642,coverage,48693
1643,crew,48673
1644,locate,48581
1645,balance,48537
1646,equal,48522
1647,lip,48507
1648,lean,48484
1649,zone,48403
1650,wedding,48365
1651,copy,48365
1652,joke,48299
1653,used,48287
1654,bear,48272
1655,meal,48158
1656,minority,48052
1657,sight,48022
1658,russian,48001
1659,soviet,47917
1660,profit,47886
1661,careful,47847
1662,gender,47825
1663,tape,47805
1664,ocean,47773
1665,unidentified,47748
1666,host,47739
1667,grant,47729
1668,circumstance,47687
1669,boss,47643
1670,declare,47594
1671,domestic,47518
1672,tea,47503
1673,organize,47499
1674,english,47464
1675,neither,47463
1676,surround,47314
1677,manner,47282
1678,surprised,47267
1679,percentage,47208
1680,massive,47167
1681,cloud,47140
1682,winner,47124
1683,honest,47105
1684,propose,47044
1685,rely,47026
1686,plus,46937
1687,sentence,46932
1688,request,46865
1689,appearance,46855
1690,regarding,46854
1691,excellent,46847
1692,criminal,46839
1693,salt,46825
1694,beauty,46819
1695,bottle,46801
1696,component,46800
1697,fee,46768
1698,jewish,46702
1699,yours,46632
1700,dry,46604
1701,dance,46601
1702,shirt,46579
1703,tip,46537
1704,plastic,46455
1705,indian,46454
1706,mark,46427
1707,tooth,46405
1708,meat,46401
1709,stress,46396
1710,illegal,46386
1711,significantly,46378
1712,february,46378
1713,constitution,46355
1714,definition,46347
1715,uncle,46291
1716,metal,46260
1717,album,46247
1718,self,46225
1719,suppose,46217
1720,investor,46202
1721,fruit,46189
1722,holy,46164
1723,desk,46133
1724,eastern,46071
1725,valley,46050
1726,largely,46002
1727,abortion,45934
1728,chapter,45911
1729,commitment,45809
1730,celebrate,45778
1731,arrest,45707
1732,prime,45667
1733,urban,45632
1734,internal,45614
1735,bother,45596
1736,proposal,45546
1737,shift,45537
1738,capacity,45515
1739,guilty,45494
1740,warn,45485
1741,weak,45461
1742,catholic,45444
1743,nose,45433
1744,variable,45399
1745,convention,45389
1746,jury,45342
1747,root,45327
1748,incident,45300
1749,climb,45263
1750,hearing,45235
1751,everywhere,45191
1752,payment,45132
1753,conclude,45116
1754,scream,45103
1755,surgery,45042
1756,shadow,45022
1757,witness,44979
1758,increasingly,44978
1759,chest,44918
1760,amendment,44879
1761,paint,44842
1762,complain,44829
1763,extent,44804
1764,pleasure,44800
1765,nod,44778
1766,holiday,44775
1767,super,44696
1768,talent,44687
1769,necessarily,44682
1770,liberal,44658
1771,expectation,44646
1772,accuse,44491
1773,knock,44485
1774,previously,44480
1775,wing,44427
1776,corporation,44407
1777,sector,44401
1778,fat,44341
1779,experiment,44341
1780,match,44314
1781,thin,44274
1782,farmer,44255
1783,rare,44243
1784,confidence,44154
1785,bunch,43989
1786,bet,43896
1787,cite,43809
1788,northern,43805
1789,speaker,43781
1790,breast,43780
1791,contribution,43738
1792,leaf,43674
1793,creative,43673
1794,interaction,43639
1795,hat,43629
1796,doubt,43620
1797,pursue,43595
1798,overall,43582
1799,nurse,43524
1800,long-term,43471
1801,gene,43463
1802,package,43448
1803,weird,43433
1804,difficulty,43423
1805,hardly,43416
1806,daddy,43376
1807,estimate,43344
1808,era,43331
1809,aid,43250
1810,vs,43241
1811,invest,43235
1812,personally,43235
1813,notion,43225
1814,explanation,43197
1815,airport,43177
1816,chain,43156
1817,expose,43119
1818,lock,43093
1819,convince,43085
1820,channel,43041
1821,carefully,43034
1822,tear,43024
1823,estate,43023
1824,initial,42971
1825,purchase,42921
1826,guide,42871
1827,forth,42832
1828,bond,42742
1829,birthday,42727
1830,pray,42700
1831,improvement,42657
1832,ancient,42623
1833,ought,42597
1834,escape,42473
1835,trail,42439
1836,brown,42423
1837,fashion,42405
1838,length,42379
1839,sheet,42366
1840,funding,42356
1841,meanwhile,42307
1842,fault,42283
1843,barely,42258
1844,eliminate,42246
1845,motion,42232
1846,essential,42222
1847,apart,42168
1848,combination,42138
1849,limited,42129
1850,description,42091
1851,mix,42079
1852,snow,42027
1853,implement,42004
1854,proper,41810
1855,marketing,41781
1856,approve,41740
1857,bomb,41679
1858,slip,41664
1859,regional,41656
1860,muscle,41650
1861,FALSE,41580
1862,creation,41523
1863,typically,41485
1864,spending,41483
1865,instrument,41473
1866,mass,41453
1867,thick,41420
1868,kiss,41405
1869,increased,41356
1870,inspire,41223
1871,separate,41176
1872,noise,41144
1873,yellow,41133
1874,aim,41126
1875,e-mail,41092
1876,cycle,41088
1877,signal,41085
1878,app,41082
1879,golden,41056
1880,reject,41033
1881,inform,41031
1882,perception,41010
1883,visitor,41006
1884,cast,41004
1885,contrast,40982
1886,judgment,40961
1887,representative,40894
1888,regime,40863
1889,merely,40843
1890,producer,40843
1891,whoa,40833
1892,route,40816
1893,typical,40785
1894,analyst,40785
1895,elect,40738
1896,smell,40735
1897,disability,40559
1898,comparison,40525
1899,rating,40458
1900,campus,40453
1901,assess,40352
1902,solid,40301
1903,branch,40300
1904,mad,40286
1905,somewhat,40283
1906,gentleman,40277
1907,opposition,40268
1908,suspect,40173
1909,aside,40119
1910,athlete,40094
1911,opening,40053
1912,prayer,40037
1913,frequently,40035
1914,employ,40014
1915,basketball,40007
1916,existing,39974
1917,revolution,39959
1918,click,39951
1919,emotion,39949
1920,platform,39915
1921,frame,39817
1922,appeal,39798
1923,quote,39780
1924,brand,39754
1925,enable,39743
1926,legislation,39690
1927,addition,39685
1928,lab,39668
1929,oppose,39656
1930,row,39635
1931,immigration,39570
1932,asset,39563
1933,observation,39551
1934,taste,39481
1935,decline,39480
1936,attract,39479
1937,ha,39473
1938,household,39430
1939,breathe,39322
1940,existence,39315
1941,mirror,39284
1942,pilot,39272
1943,relief,39223
1944,milk,39204
1945,warning,39194
1946,heaven,39105
1947,flow,39098
1948,literally,39094
1949,quit,39091
1950,calorie,39066
1951,seed,39062
1952,vast,38988
1953,bike,38920
1954,german,38898
1955,employer,38895
1956,drag,38895
1957,technical,38887
1958,disaster,38801
1959,display,38757
1960,sale,38751
1961,bathroom,38712
1962,succeed,38621
1963,consistent,38618
1964,agenda,38615
1965,enforcement,38612
1966,diet,38595
1967,silence,38552
1968,journalist,38495
1969,bible,38492
1970,queen,38445
1971,divide,38426
1972,expense,38330
1973,cream,38234
1974,exposure,38231
1975,priority,38168
1976,soil,38159
1977,angel,38155
1978,journey,38098
1979,relevant,38034
1980,tank,38032
1981,cheese,38025
1982,schedule,38022
1983,bedroom,37979
1984,tone,37956
1985,selection,37940
1986,perfectly,37923
1987,wheel,37921
1988,gap,37884
1989,veteran,37880
1990,disagree,37874
1991,characteristic,37848
1992,protein,37846
1993,resolution,37841
1994,regard,37839
1995,fewer,37775
1996,engineer,37679
1997,dish,37580
1998,waste,37529
1999,print,37504
2000,depression,37492
2001,dude,37467
2002,upper,37419
2003,wrap,37396
2004,ceo,37374
2005,visual,37347
2006,initiative,37346
2007,rush,37327
2008,gate,37317
2009,whenever,37287
2010,entry,37187
2011,japanese,37170
2012,gray,37161
2013,assistance,37154
2014,height,37131
2015,compete,37112
2016,essentially,37053
2017,phase,37013
2018,recover,36947
2019,criticism,36941
2020,faculty,36906
2021,achievement,36879
2022,alcohol,36823
2023,therapy,36823
2024,offense,36790
2025,killer,36754
2026,personality,36750
2027,landscape,36719
2028,deeply,36653
2029,reasonable,36622
2030,suck,36572
2031,transition,36569
2032,fairly,36548
2033,column,36526
2034,wash,36491
2035,button,36451
2036,opponent,36412
2037,pour,36412
2038,immigrant,36379
2039,distribution,36338
2040,golf,36327
2041,pregnant,36303
2042,unable,36300
2043,alternative,36296
2044,violent,36167
2045,portion,36150
2046,acquire,36094
2047,suicide,36059
2048,stretch,36058
2049,deficit,36029
2050,symptom,36021
2051,solar,35987
2052,complaint,35954
2053,capable,35954
2054,analyze,35948
2055,scared,35867
2056,supporter,35863
2057,dig,35841
2058,twenty,35825
2059,pretend,35824
2060,philosophy,35824
2061,childhood,35815
2062,lower,35791
2063,wealth,35662
2064,welfare,35639
2065,poverty,35629
2066,prosecutor,35613
2067,spiritual,35599
2068,double,35592
2069,evaluate,35577
2070,israeli,35547
2071,reply,35489
2072,buck,35423
2073,knife,35408
2074,round,35407
2075,tech,35394
2076,detective,35355
2077,pack,35348
2078,disorder,35345
2079,creature,35342
2080,closely,35294
2081,industrial,35272
2082,housing,35224
2083,chip,35203
2084,regardless,35166
2085,numerous,35164
2086,command,35010
2087,shooting,34970
2088,dozen,34950
2089,pop,34932
2090,layer,34911
2091,bread,34840
2092,exception,34835
2093,passion,34825
2094,highway,34789
2095,pure,34741
2096,commander,34731
2097,extreme,34678
2098,publication,34656
2099,vice,34652
2100,fellow,34637
2101,mystery,34553
2102,championship,34425
2103,install,34402
2104,tale,34400
2105,liberty,34393
2106,beneath,34337
2107,passenger,34335
2108,physician,34292
2109,graduate,34285
2110,sharp,34272
2111,substance,34262
2112,atmosphere,34247
2113,stir,34231
2114,muslim,34226
2115,passage,34197
2116,pepper,34195
2117,emphasize,34190
2118,cable,34164
2119,square,34163
2120,recipe,34098
2121,load,34026
2122,roof,34005
2123,beside,34005
2124,vegetable,34000
2125,accomplish,33992
2126,silent,33973
2127,habit,33933
2128,discovery,33930
2129,recovery,33830
2130,dna,33819
2131,territory,33787
2132,girlfriend,33779
2133,consist,33777
2134,surely,33758
2135,proof,33755
2136,nervous,33745
2137,immediate,33745
2138,parking,33735
2139,sin,33703
2140,unusual,33695
2141,rice,33676
2142,engineering,33630
2143,advance,33626
2144,bury,33531
2145,cake,33519
2146,anonymous,33517
2147,flag,33516
2148,contemporary,33482
2149,jail,33453
2150,rural,33383
2151,interpretation,33342
2152,wage,33339
2153,breakfast,33309
2154,severe,33278
2155,profile,33259
2156,saving,33236
2157,brief,33229
2158,adjust,33205
2159,reduction,33167
2160,constantly,33167
2161,assist,33161
2162,bitch,33157
2163,constant,33090
2164,permit,33083
2165,primarily,33079
2166,entertainment,33057
2167,shout,33053
2168,academy,33028
2169,teaspoon,33027
2170,transfer,33009
2171,usual,32997
2172,ally,32994
2173,clinical,32983
2174,swear,32971
2175,avenue,32968
2176,priest,32965
2177,employment,32957
2178,relax,32948
2179,owe,32943
2180,transform,32910
2181,grass,32880
2182,narrow,32874
2183,ethnic,32857
2184,scholar,32846
2185,edition,32842
2186,abandon,32838
2187,practical,32834
2188,infection,32785
2189,musical,32775
2190,suggestion,32775
2191,resistance,32768
2192,smoke,32716
2193,prince,32712
2194,illness,32704
2195,embrace,32690
2196,republic,32646
2197,volunteer,32631
2198,evaluation,32514
2199,opposite,32431
2200,awesome,32423
2201,switch,32414
2202,iraqi,32364
2203,iron,32359
2204,perceive,32339
2205,fundamental,32336
2206,phrase,32319
2207,assumption,32317
2208,sand,32307
2209,designer,32303
2210,planning,32282
2211,leading,32280
2212,mode,32229
2213,widely,32221
2214,occasion,32220
2215,pose,32193
2216,approximately,32193
2217,retire,32169
2218,elsewhere,32165
2219,festival,32159
2220,cap,32115
2221,secure,32084
2222,attach,32064
2223,mechanism,32060
2224,intention,32022
2225,scenario,32007
2226,yell,32005
2227,incredible,31983
2228,spanish,31958
2229,strongly,31943
2230,racial,31893
2231,transportation,31888
2232,pot,31864
2233,boyfriend,31817
2234,consideration,31756
2235,prior,31754
2236,retirement,31749
2237,rarely,31748
2238,joint,31738
2239,preserve,31701
2240,enormous,31697
2241,cigarette,31674
2242,factory,31626
2243,valuable,31626
2244,clip,31612
2245,electric,31583
2246,giant,31557
2247,slave,31539
2248,submit,31515
2249,effectively,31505
2250,monitor,31483
2251,resolve,31452
2252,remaining,31407
2253,participation,31395
2254,stream,31393
2255,rid,31388
2256,origin,31342
2257,teen,31336
2258,congressional,31271
2259,bind,31267
2260,coat,31266
2261,tower,31252
2262,license,31242
2263,twitter,31238
2264,impose,31201
2265,innocent,31192
2266,curriculum,31171
2267,mail,31141
2268,insight,31094
2269,investigator,31082
2270,virus,31075
2271,hurricane,31072
2272,accurate,31068
2273,provision,31059
2274,communicate,31040
2275,vary,31000
2276,jacket,30995
2277,increasing,30970
2278,equally,30968
2279,implication,30921
2280,fiction,30883
2281,protest,30878
2282,mama,30857
2283,imply,30829
2284,twin,30810
2285,pant,30810
2286,bend,30768
2287,shock,30746
2288,criteria,30727
2289,arab,30709
2290,dirty,30707
2291,toy,30678
2292,potentially,30671
2293,assault,30609
2294,peak,30595
2295,anger,30587
2296,boot,30566
2297,dramatic,30558
2298,peer,30537
2299,enhance,30470
2300,math,30465
2301,slide,30451
2302,favor,30405
2303,pink,30396
2304,dust,30376
2305,aunt,30364
2306,lost,30362
2307,prospect,30358
2308,mood,30344
2309,mm-hmm,30339
2310,settlement,30250
2311,justify,30199
2312,depth,30176
2313,juice,30156
2314,formal,30129
2315,virtually,30114
2316,gallery,30109
2317,tension,30082
2318,throat,30071
2319,draft,30062
2320,reputation,29988
2321,index,29987
2322,normally,29963
2323,mess,29961
2324,joy,29949
2325,steel,29886
2326,motor,29863
2327,enterprise,29857
2328,moreover,29856
2329,salary,29856
2330,cousin,29840
2331,ordinary,29816
2332,evolution,29760
2333,so-called,29757
2334,helpful,29707
2335,competitive,29700
2336,lovely,29696
2337,fishing,29682
2338,anxiety,29659
2339,carbon,29639
2340,essay,29637
2341,islamic,29622
2342,drama,29588
2343,odd,29585
2344,evil,29573
2345,stranger,29572
2346,belt,29548
2347,urge,29531
2348,toss,29527
2349,fifth,29510
2350,formula,29504
2351,potato,29496
2352,monster,29491
2353,telephone,29482
2354,rape,29477
2355,palm,29472
2356,jet,29468
2357,navy,29450
2358,excited,29450
2359,plot,29444
2360,angle,29422
2361,criticize,29408
2362,prisoner,29394
2363,discipline,29386
2364,negotiation,29385
2365,damn,29373
2366,butter,29372
2367,desert,29353
2368,complicated,29335
2369,prize,29331
2370,blind,29326
2371,assign,29315
2372,bullet,29277
2373,awareness,29265
2374,sequence,29257
2375,illustrate,29234
2376,provider,29196
2377,minor,29172
2378,activist,29161
2379,poem,29138
2380,vacation,29123
2381,weigh,29121
2382,gang,29116
2383,privacy,29115
2384,clock,29112
2385,arrange,29108
2386,penalty,29096
2387,stomach,29089
2388,concert,29086
2389,originally,29084
2390,statistics,29070
2391,electronic,29064
2392,properly,29063
2393,bureau,29044
2394,wolf,29042
2395,and/or,29029
2396,classic,29028
2397,recommendation,28998
2398,exciting,28990
2399,maker,28989
2400,dear,28984
2401,impression,28975
2402,broken,28965
2403,battery,28962
2404,narrative,28928
2405,arise,28915
2406,sake,28905
2407,delivery,28903
2408,forgive,28897
2409,visible,28886
2410,heavily,28880
2411,junior,28869
2412,rep,28848
2413,diversity,28848
2414,string,28844
2415,lawsuit,28834
2416,latter,28825
2417,cute,28813
2418,deputy,28806
2419,restore,28777
2420,buddy,28763
2421,psychological,28740
2422,besides,28711
2423,intense,28703
2424,friendly,28697
2425,lane,28689
2426,hungry,28647
2427,bean,28639
2428,sauce,28639
2429,dominate,28636
2430,testing,28626
2431,trick,28621
2432,fantasy,28620
2433,absence,28618
2434,offensive,28611
2435,symbol,28609
2436,recognition,28585
2437,detect,28574
2438,tablespoon,28554
2439,construct,28515
2440,hmm,28510
2441,approval,28499
2442,aids,28489
2443,whereas,28472
2444,defensive,28464
2445,independence,28463
2446,apologize,28462
2447,asian,28419
2448,rose,28398
2449,ghost,28365
2450,involvement,28357
2451,permanent,28345
2452,wire,28337
2453,whisper,28334
2454,mouse,28329
2455,airline,28327
2456,founder,28315
2457,objective,28315
2458,nowhere,28292
2459,phenomenon,28258
2460,evolve,28257
2461,exact,28250
2462,silver,28244
2463,cent,28231
2464,universal,28224
2465,crucial,28219
2466,teenager,28219
2467,viewer,28181
2468,ridiculous,28150
2469,chocolate,28147
2470,sensitive,28109
2471,grandmother,28091
2472,missile,28086
2473,roughly,28083
2474,constitutional,28065
2475,adventure,28045
2476,genetic,28027
2477,related,28013
2478,swing,27981
2479,ultimate,27973
2480,manufacturer,27966
2481,unknown,27955
2482,wipe,27952
2483,crop,27946
2484,survival,27914
2485,dimension,27889
2486,resist,27867
2487,darkness,27827
2488,guarantee,27824
2489,historic,27799
2490,educator,27782
2491,rough,27778
2492,personnel,27773
2493,confront,27771
2494,terrorist,27765
2495,royal,27749
2496,elite,27712
2497,occupy,27708
2498,emphasis,27699
2499,wet,27690
2500,destruction,27666
2501,raw,27663
2502,inner,27642
2503,proceed,27636
2504,violate,27630
2505,chart,27628
2506,pace,27613
2507,finance,27594
2508,champion,27593
2509,snap,27586
2510,advise,27580
2511,initially,27566
2512,advanced,27563
2513,unlikely,27546
2514,barrier,27530
2515,advocate,27479
2516,label,27479
2517,horrible,27456
2518,burden,27443
2519,violation,27435
2520,unlike,27434
2521,idiot,27432
2522,lifetime,27432
2523,working,27367
2524,ongoing,27334
2525,react,27322
2526,routine,27266
2527,presentation,27265
2528,gear,27243
2529,mexican,27233
2530,stadium,27233
2531,translate,27231
2532,mortgage,27227
2533,sheriff,27193
2534,clinic,27190
2535,spin,27184
2536,coalition,27166
2537,naturally,27157
2538,hopefully,27150
2539,menu,27113
2540,smooth,27095
2541,advertising,27069
2542,interpret,27068
2543,dismiss,27026
2544,apparent,26981
2545,arrangement,26976
2546,incorporate,26974
2547,split,26970
2548,brilliant,26970
2549,storage,26941
2550,framework,26926
2551,honestly,26926
2552,chase,26901
2553,sigh,26874
2554,assure,26863
2555,utility,26839
2556,aggressive,26819
2557,cookie,26809
2558,terror,26792
2559,wealthy,26746
2560,update,26744
2561,forum,26724
2562,alliance,26718
2563,possess,26713
2564,empire,26692
2565,curious,26666
2566,corn,26609
2567,calculate,26570
2568,hurry,26561
2569,elementary,26542
2570,testimony,26542
2571,stake,26539
2572,precisely,26538
2573,bite,26532
2574,given,26528
2575,substantial,26521
2576,depending,26517
2577,glance,26481
2578,tissue,26475
2579,concentration,26470
2580,developer,26466
2581,found,26466
2582,ballot,26460
2583,consume,26453
2584,overcome,26449
2585,biological,26435
2586,chamber,26416
2587,similarly,26400
2588,dare,26363
2589,developing,26334
2590,tiger,26334
2591,ratio,26305
2592,lover,26282
2593,expansion,26265
2594,encounter,26259
2595,occasionally,26250
2596,unemployment,26248
2597,pet,26240
2598,awful,26206
2599,laboratory,26198
2600,administrator,26195
2601,quarterback,26181
2602,rocket,26167
2603,preparation,26152
2604,relative,26146
2605,confident,26144
2606,strategic,26103
2607,marine,26088
2608,publisher,26079
2609,innovation,26039
2610,highlight,26029
2611,nut,26017
2612,fighter,26014
2613,rank,26007
2614,electricity,26003
2615,instance,26001
2616,fortune,25994
2617,freeze,25985
2618,variation,25982
2619,armed,25972
2620,negotiate,25963
2621,laughter,25929
2622,wisdom,25925
2623,correspondent,25907
2624,mixture,25895
2625,assistant,25884
2626,retain,25881
2627,tomato,25826
2628,testify,25823
2629,ingredient,25809
2630,galaxy,25775
2631,qualify,25774
2632,scheme,25772
2633,gop,25770
2634,shame,25764
2635,concentrate,25761
2636,contest,25761
2637,introduction,25722
2638,boundary,25694
2639,tube,25647
2640,versus,25646
2641,chef,25646
2642,regularly,25635
2643,ugly,25632
2644,screw,25632
2645,tongue,25612
2646,palestinian,25603
2647,fiscal,25598
2648,creek,25595
2649,hip,25581
2650,accompany,25567
2651,terrorism,25562
2652,respondent,25555
2653,narrator,25554
2654,voting,25547
2655,refugee,25533
2656,assembly,25533
2657,fraud,25518
2658,limitation,25511
2659,partnership,25493
2660,crash,25472
2661,representation,25448
2662,ministry,25434
2663,flat,25427
2664,wise,25418
2665,register,25367
2666,comedy,25303
2667,tap,25295
2668,infrastructure,25291
2669,organic,25288
2670,islam,25282
2671,diverse,25277
2672,intellectual,25268
2673,tight,25214
2674,port,25211
2675,fate,25194
2676,absolute,25184
2677,dialogue,25173
2678,frequency,25158
2679,tribe,25147
2680,external,25146
2681,appointment,25144
2682,convert,25123
2683,surprising,25114
2684,mobile,25095
2685,establishment,25090
2686,worried,25086
2687,bye,25081
2688,shopping,25052
2689,celebrity,24989
2690,congressman,24982
2691,impress,24977
2692,taxpayer,24954
2693,adapt,24934
2694,publicly,24932
2695,pride,24923
2696,clothing,24923
2697,rapidly,24922
2698,domain,24914
2699,mainly,24910
2700,ceiling,24902
2701,alter,24900
2702,shelter,24892
2703,random,24886
2704,obligation,24879
2705,shower,24876
2706,beg,24867
2707,asleep,24848
2708,musician,24829
2709,extraordinary,24829
2710,dirt,24819
2711,pc,24814
2712,bell,24813
2713,ceremony,24779
2714,clue,24755
2715,guideline,24752
2716,comfort,24745
2717,pregnancy,24687
2718,borrow,24662
2719,conventional,24656
2720,tourist,24638
2721,incentive,24612
2722,custom,24610
2723,cheek,24607
2724,tournament,24576
2725,satellite,24573
2726,nearby,24560
2727,comprehensive,24553
2728,stable,24549
2729,medication,24549
2730,script,24547
2731,educate,24527
2732,efficient,24525
2733,scare,24484
2734,psychology,24479
2735,logic,24470
2736,economics,24463
2737,nevertheless,24438
2738,devil,24433
2739,thirty,24427
2740,charity,24405
2741,fiber,24394
2742,ideal,24367
2743,friendship,24359
2744,net,24355
2745,motivation,24342
2746,differently,24322
2747,reserve,24319
2748,observer,24293
2749,humanity,24254
2750,survivor,24240
2751,fence,24223
2752,quietly,24222
2753,humor,24213
2754,funeral,24184
2755,spokesman,24143
2756,extension,24142
2757,loose,24139
2758,sink,24129
2759,historian,24128
2760,ruin,24113
2761,chemical,24096
2762,singer,24095
2763,drunk,24079
2764,swim,24072
2765,onion,24049
2766,specialist,24031
2767,missing,24015
2768,pan,24011
2769,distribute,24006
2770,silly,24001
2771,deck,23996
2772,reflection,23994
2773,shortly,23986
2774,database,23984
2775,remote,23930
2776,permission,23927
2777,remarkable,23919
2778,everyday,23918
2779,lifestyle,23917
2780,sweep,23911
2781,naked,23909
2782,sufficient,23898
2783,lion,23871
2784,consumption,23864
2785,capability,23836
2786,emission,23770
2787,sidebar,23763
2788,crap,23756
2789,dealer,23742
2790,measurement,23736
2791,vital,23700
2792,impressive,23687
2793,bake,23686
2794,fantastic,23669
2795,adviser,23663
2796,yield,23640
2797,mere,23631
2798,imagination,23622
2799,radical,23620
2800,tragedy,23619
2801,scary,23596
2802,consultant,23591
2803,lieutenant,23579
2804,upset,23566
2805,attractive,23563
2806,acre,23558
2807,drawing,23549
2808,defeat,23537
2809,newly,23531
2810,scandal,23525
2811,ambassador,23522
2812,ooh,23498
2813,bench,23481
2814,counter,23475
2815,odds,23462
2816,rat,23442
2817,horror,23430
2818,vulnerable,23392
2819,prevention,23383
2820,segment,23372
2821,ban,23359
2822,tail,23344
2823,constitute,23339
2824,badly,23330
2825,bless,23307
2826,literary,23305
2827,magic,23302
2828,implementation,23294
2829,legitimate,23286
2830,slight,23283
2831,strip,23266
2832,desperate,23253
2833,distant,23251
2834,preference,23230
2835,politically,23229
2836,feedback,23220
2837,health-care,23216
2838,italian,23199
2839,detailed,23161
2840,buyer,23157
2841,profession,23135
2842,cooperation,23135
2843,incredibly,23108
2844,orange,23088
2845,killing,23084
2846,sue,23083
2847,photographer,23062
2848,running,23050
2849,engagement,23041
2850,differ,23032
2851,pitch,23028
2852,extensive,23021
2853,salad,23010
2854,stair,23001
2855,grace,22995
2856,divorce,22992
2857,vessel,22977
2858,pig,22965
2859,assignment,22955
2860,distinction,22938
2861,circuit,22927
2862,acid,22925
2863,canadian,22924
2864,flee,22896
2865,efficiency,22889
2866,memorial,22884
2867,proposed,22864
2868,entity,22849
2869,iphone,22844
2870,punishment,22839
2871,pause,22805
2872,pill,22802
2873,rub,22774
2874,romantic,22772
2875,myth,22770
2876,economist,22756
2877,latin,22755
2878,decent,22751
2879,craft,22724
2880,poetry,22722
2881,thread,22683
2882,wooden,22683
2883,confuse,22680
2884,privilege,22671
2885,coal,22670
2886,fool,22667
2887,cow,22660
2888,characterize,22657
2889,pie,22654
2890,decrease,22654
2891,resort,22647
2892,legacy,22631
2893,re,22620
2894,frankly,22564
2895,cancel,22480
2896,derive,22469
2897,dumb,22462
2898,scope,22460
2899,formation,22441
2900,grandfather,22432
2901,hence,22424
2902,margin,22417
2903,wound,22414
2904,exhibition,22400
2905,legislature,22388
2906,furthermore,22381
2907,portrait,22377
2908,sustain,22359
2909,uniform,22332
2910,painful,22292
2911,loud,22276
2912,miracle,22275
2913,harm,22267
2914,zero,22266
2915,tactic,22260
2916,mask,22256
2917,calm,22255
2918,inflation,22242
2919,hunting,22232
2920,physically,22212
2921,flesh,22204
2922,temporary,22199
2923,nerve,22174
2924,lung,22170
2925,steady,22152
2926,headline,22141
2927,sudden,22133
2928,successfully,22130
2929,defendant,22117
2930,pole,22115
2931,satisfy,22111
2932,entrance,22111
2933,aircraft,22111
2934,withdraw,22109
2935,cabinet,22078
2936,repeatedly,22066
2937,happiness,22053
2938,admission,22052
2939,correlation,22034
2940,proportion,22031
2941,dispute,22027
2942,candy,21987
2943,reward,21978
2944,counselor,21975
2945,recording,21968
2946,pile,21960
2947,explosion,21954
2948,appoint,21949
2949,couch,21942
2950,cognitive,21925
2951,furniture,21915
2952,significance,21902
2953,grateful,21895
2954,commissioner,21855
2955,shelf,21854
2956,tremendous,21826
2957,warrior,21822
2958,physics,21798
2959,garage,21790
2960,flavor,21772
2961,squeeze,21756
2962,prominent,21752
2963,fifty,21736
2964,fade,21734
2965,oven,21721
2966,satisfaction,21718
2967,discrimination,21715
2968,recession,21714
2969,allegation,21709
2970,boom,21690
2971,weekly,21686
2972,lately,21666
2973,restriction,21665
2974,diamond,21652
2975,crack,21623
2976,conviction,21599
2977,heel,21595
2978,fake,21560
2979,fame,21544
2980,shine,21543
2981,playoff,21528
2982,actress,21526
2983,cheat,21523
2984,format,21521
2985,controversy,21521
2986,auto,21510
2987,grocery,21497
2988,headquarters,21481
2989,rip,21480
2990,shade,21457
2991,regulate,21437
2992,meter,21425
2993,olympic,21422
2994,pipe,21413
2995,celebration,21353
2996,handful,21346
2997,copyright,21330
2998,dependent,21306
2999,signature,21285
3000,bishop,21282
3001,strengthen,21276
3002,soup,21273
3003,entitle,21264
3004,whoever,21251
3005,carrier,21245
3006,anniversary,21242
3007,pizza,21238
3008,ethics,21228
3009,legend,21223
3010,eagle,21220
3011,scholarship,21183
3012,membership,21172
3013,standing,21145
3014,possession,21141
3015,treaty,21138
3016,partly,21132
3017,consciousness,21114
3018,manufacturing,21096
3019,announcement,21081
3020,tire,21067
3021,makeup,21035
3022,prediction,21032
3023,stability,21031
3024,trace,21026
3025,norm,21014
3026,irish,21004
3027,genius,20987
3028,gently,20979
3029,operator,20947
3030,mall,20944
3031,rumor,20921
3032,poet,20918
3033,tendency,20906
3034,subsequent,20893
3035,alien,20885
3036,explode,20874
3037,controversial,20863
3038,maintenance,20861
3039,courage,20859
3040,exceed,20855
3041,principal,20834
3042,vaccine,20826
3043,identification,20823
3044,sandwich,20804
3045,bull,20803
3046,lens,20785
3047,twelve,20768
3048,mainstream,20766
3049,presidency,20723
3050,integrity,20719
3051,distinct,20706
3052,intelligent,20703
3053,secondary,20701
3054,bias,20699
3055,hypothesis,20698
3056,fifteen,20691
3057,nomination,20678
3058,delay,20668
3059,adjustment,20658
3060,sanction,20651
3061,render,20635
3062,acceptable,20624
3063,mutual,20623
3064,examination,20620
3065,meaningful,20614
3066,communist,20597
3067,superior,20593
3068,currency,20592
3069,collective,20587
3070,flame,20550
3071,guitar,20550
3072,doctrine,20549
3073,float,20540
3074,commerce,20539
3075,invent,20537
3076,robot,20517
3077,rapid,20504
3078,plain,20479
3079,respectively,20478
3080,particle,20474
3081,glove,20469
3082,till,20463
3083,edit,20462
3084,moderate,20421
3085,jazz,20420
3086,infant,20410
3087,summary,20407
3088,server,20393
3089,leather,20393
3090,radiation,20383
3091,prompt,20380
3092,composition,20367
3093,operating,20353
3094,assert,20352
3095,discourse,20342
3096,dump,20326
3097,wildlife,20304
3098,soccer,20295
3099,mandate,20285
3100,downtown,20271
3101,nightmare,20245
3102,barrel,20229
3103,homeless,20229
3104,globe,20226
3105,uncomfortable,20224
3106,execute,20224
3107,trap,20197
3108,gesture,20188
3109,pale,20183
3110,tent,20170
3111,receiver,20165
3112,horizon,20141
3113,diagnosis,20070
3114,considerable,20047
3115,gospel,20013
3116,automatically,20008
3117,fighting,20007
3118,stroke,20004
3119,wander,19979
3120,duck,19968
3121,grain,19956
3122,beast,19956
3123,remark,19951
3124,fabric,19948
3125,civilization,19929
3126,corruption,19925
3127,collapse,19925
3128,ma'am,19916
3129,greatly,19911
3130,workshop,19894
3131,inquiry,19877
3132,cd,19876
3133,admire,19872
3134,exclude,19871
3135,rifle,19857
3136,closet,19855
3137,reporting,19850
3138,curve,19846
3139,patch,19841
3140,touchdown,19832
3141,experimental,19828
3142,earnings,19824
3143,hunter,19821
3144,tunnel,19814
3145,corps,19808
3146,behave,19799
3147,rent,19783
3148,motivate,19758
3149,attribute,19755
3150,elderly,19743
3151,virtual,19729
3152,minimum,19720
3153,weakness,19718
3154,progressive,19716
3155,doc,19715
3156,medium,19713
3157,virtue,19711
3158,ounce,19680
3159,athletic,19650
3160,confusion,19634
3161,legislative,19623
3162,facilitate,19617
3163,midnight,19599
3164,deer,19597
3165,undergo,19593
3166,heritage,19592
3167,summit,19581
3168,sword,19580
3169,telescope,19572
3170,donate,19564
3171,blade,19562
3172,toe,19559
3173,agriculture,19558
3174,enforce,19538
3175,recruit,19525
3176,dose,19458
3177,concerning,19447
3178,integrate,19446
3179,prescription,19428
3180,retail,19417
3181,adoption,19416
3182,monthly,19414
3183,deadly,19413
3184,grave,19407
3185,rope,19405
3186,reliable,19403
3187,transaction,19400
3188,lawn,19393
3189,consistently,19392
3190,mount,19389
3191,bubble,19365
3192,briefly,19353
3193,absorb,19353
3194,princess,19338
3195,log,19318
3196,blanket,19318
3197,kingdom,19315
3198,anticipate,19312
3199,bug,19312
3200,dedicate,19305
3201,nominee,19303
3202,transformation,19286
3203,temple,19285
3204,arrival,19265
3205,frustration,19262
3206,changing,19258
3207,demonstration,19226
3208,pollution,19218
3209,poster,19209
3210,nail,19206
3211,nonprofit,19197
3212,guidance,19172
3213,exhibit,19166
3214,pen,19160
3215,interrupt,19158
3216,lemon,19153
3217,bankruptcy,19151
3218,dominant,19131
3219,resign,19131
3220,invasion,19112
3221,sacred,19103
3222,replacement,19102
3223,portray,19095
3224,hunt,19089
3225,distinguish,19085
3226,melt,19071
3227,consensus,19057
3228,hardware,19041
3229,rail,19039
3230,mate,19036
3231,korean,19028
3232,cabin,19019
3233,dining,19017
3234,snake,18993
3235,tobacco,18992
3236,orientation,18984
3237,trigger,18981
3238,wherever,18966
3239,seize,18961
3240,punish,18930
3241,sexy,18927
3242,depict,18922
3243,input,18921
3244,seemingly,18903
3245,widespread,18896
3246,competitor,18893
3247,flip,18889
3248,freshman,18878
3249,donation,18869
3250,administrative,18864
3251,donor,18858
3252,gradually,18850
3253,overlook,18846
3254,toilet,18844
3255,pleased,18827
3256,resemble,18824
3257,ideology,18802
3258,glory,18788
3259,maximum,18764
3260,organ,18750
3261,skip,18743
3262,starting,18738
3263,brush,18733
3264,brick,18730
3265,gut,18712
3266,reservation,18704
3267,rebel,18704
3268,disappointed,18701
3269,oak,18691
3270,valid,18685
3271,instructor,18675
3272,rescue,18665
3273,racism,18651
3274,pension,18644
3275,diabetes,18635
3276,cluster,18617
3277,eager,18609
3278,marijuana,18607
3279,combat,18595
3280,praise,18574
3281,costume,18568
3282,sixth,18547
3283,frequent,18545
3284,inspiration,18543
3285,concrete,18533
3286,cooking,18528
3287,conspiracy,18508
3288,trait,18502
3289,van,18497
3290,institutional,18477
3291,garlic,18473
3292,drinking,18467
3293,crystal,18456
3294,pro,18444
3295,helicopter,18430
3296,counsel,18429
3297,equation,18417
3298,roman,18414
3299,sophisticated,18406
3300,timing,18399
3301,pope,18398
3302,opera,18377
3303,ethical,18367
3304,indication,18351
3305,motive,18345
3306,porch,18345
3307,reinforce,18342
3308,gaze,18339
3309,ours,18321
3310,lap,18314
3311,written,18308
3312,reverse,18304
3313,starter,18292
3314,injure,18288
3315,chronic,18286
3316,continued,18283
3317,exclusive,18276
3318,colonel,18262
3319,beef,18253
3320,abroad,18252
3321,thanksgiving,18234
3322,intensity,18229
3323,cave,18219
3324,basement,18210
3325,associated,18209
3326,fascinating,18189
3327,interact,18183
3328,illustration,18179
3329,essence,18172
3330,container,18171
3331,driving,18169
3332,dynamic,18151
3333,gym,18149
3334,bat,18132
3335,plead,18129
3336,promotion,18122
3337,uncertainty,18119
3338,ownership,18114
3339,officially,18080
3340,tag,18076
3341,documentary,18071
3342,stem,18061
3343,flood,18059
3344,guilt,18057
3345,alarm,18039
3346,turkey,18036
3347,diagnose,18030
3348,precious,18016
3349,swallow,18013
3350,initiate,18004
3351,fitness,18001
3352,restrict,17989
3353,gulf,17985
3354,mommy,17978
3355,unexpected,17962
3356,shrug,17959
3357,agricultural,17939
3358,sacrifice,17936
3359,spectrum,17916
3360,dragon,17915
3361,bacteria,17913
3362,shore,17908
3363,pastor,17896
3364,cliff,17891
3365,adequate,17887
3366,tackle,17881
3367,occupation,17878
3368,compose,17863
3369,slice,17862
3370,brave,17860
3371,stimulus,17842
3372,patent,17836
3373,powder,17830
3374,harsh,17815
3375,chaos,17809
3376,kit,17795
3377,piano,17786
3378,surprisingly,17784
3379,lend,17776
3380,correctly,17759
3381,govern,17753
3382,modest,17749
3383,shared,17746
3384,psychologist,17738
3385,servant,17732
3386,overwhelming,17731
3387,elevator,17718
3388,hispanic,17705
3389,divine,17704
3390,transmission,17702
3391,butt,17681
3392,commonly,17663
3393,cowboy,17658
3394,ease,17652
3395,intent,17648
3396,counseling,17615
3397,gentle,17606
3398,rhythm,17605
3399,complexity,17603
3400,nonetheless,17584
3401,effectiveness,17583
3402,lonely,17579
3403,statistical,17575
3404,longtime,17574
3405,strain,17571
3406,garbage,17560
3407,devote,17555
3408,venture,17532
3409,aide,17521
3410,subtle,17521
3411,rod,17510
3412,civilian,17506
3413,t-shirt,17501
3414,endure,17500
3415,basket,17488
3416,strict,17484
3417,loser,17479
3418,franchise,17479
3419,saint,17465
3420,prosecution,17457
3421,lyrics,17443
3422,compound,17435
3423,architecture,17424
3424,destination,17414
3425,cope,17404
3426,province,17402
3427,sum,17402
3428,lecture,17399
3429,spill,17398
3430,genuine,17394
3431,upstairs,17392
3432,trading,17380
3433,acceptance,17373
3434,revelation,17367
3435,indicator,17361
3436,collaboration,17360
3437,rhetoric,17356
3438,tune,17352
3439,slam,17345
3440,inevitable,17339
3441,monkey,17334
3442,protocol,17316
3443,productive,17315
3444,jeans,17273
3445,companion,17269
3446,convict,17257
3447,boost,17241
3448,recipient,17240
3449,practically,17238
3450,array,17233
3451,persuade,17229
3452,undermine,17226
3453,yep,17224
3454,ranch,17219
3455,scout,17206
3456,medal,17200
3457,endless,17193
3458,translation,17186
3459,ski,17185
3460,conservation,17184
3461,habitat,17173
3462,contractor,17156
3463,trailer,17146
3464,pitcher,17123
3465,towel,17122
3466,goodbye,17122
3467,bonus,17099
3468,dramatically,17087
3469,genre,17072
3470,caller,17070
3471,exit,17065
3472,hook,17057
3473,behavioral,17052
3474,omit,17050
3475,pit,17033
3476,boring,17020
3477,suspend,17011
3478,cholesterol,17011
3479,closed,16993
3480,advertisement,16993
3481,bombing,16988
3482,consult,16987
3483,expertise,16978
3484,creator,16976
3485,peaceful,16963
3486,provided,16959
3487,tablet,16958
3488,ruling,16930
3489,warming,16906
3490,equity,16905
3491,rational,16905
3492,utilize,16898
3493,pine,16894
3494,bitter,16881
3495,surgeon,16865
3496,affordable,16864
3497,tennis,16863
3498,artistic,16857
3499,download,16856
3500,suffering,16837
3501,accuracy,16834
3502,literacy,16828
3503,treasury,16827
3504,talented,16822
3505,crown,16806
3506,importantly,16802
3507,bare,16802
3508,invisible,16798
3509,sergeant,16794
3510,regulatory,16782
3511,thumb,16776
3512,colony,16776
3513,walking,16767
3514,accessible,16761
3515,integration,16746
3516,spouse,16732
3517,excitement,16728
3518,residence,16727
3519,bold,16726
3520,adolescent,16726
3521,greek,16725
3522,doll,16714
3523,oxygen,16714
3524,gravity,16674
3525,functional,16672
3526,palace,16669
3527,echo,16668
3528,cotton,16664
3529,estimated,16657
3530,endorse,16646
3531,lawmaker,16643
3532,determination,16633
3533,flash,16627
3534,simultaneously,16626
3535,dynamics,16623
3536,shell,16622
3537,hint,16621
3538,administer,16592
3539,christianity,16585
3540,distract,16563
3541,alleged,16528
3542,statute,16524
3543,biology,16518
3544,follower,16508
3545,nasty,16504
3546,evident,16476
3547,confess,16468
3548,eligible,16461
3549,consent,16419
3550,pump,16418
3551,bloody,16415
3552,occasional,16386
3553,trunk,16376
3554,prohibit,16370
3555,sustainable,16363
3556,belly,16361
3557,banking,16356
3558,asshole,16356
3559,journalism,16352
3560,obstacle,16342
3561,ridge,16341
3562,heal,16325
3563,bastard,16320
3564,cheer,16318
3565,apology,16314
3566,tumor,16309
3567,architect,16305
3568,wrist,16293
3569,harbor,16291
3570,handsome,16284
3571,bullshit,16278
3572,realm,16277
3573,twist,16274
3574,inspector,16272
3575,surveillance,16262
3576,trauma,16257
3577,rebuild,16256
3578,romance,16244
3579,gross,16241
3580,deadline,16240
3581,classical,16222
3582,convey,16221
3583,compensation,16221
3584,insect,16198
3585,output,16190
3586,parliament,16176
3587,suite,16164
3588,opposed,16159
3589,fold,16148
3590,separation,16144
3591,demon,16143
3592,eating,16142
3593,structural,16138
3594,equality,16126
3595,logical,16111
3596,probability,16109
3597,await,16102
3598,generous,16095
3599,acquisition,16072
3600,custody,16070
3601,compromise,16070
3602,greet,16069
3603,trash,16056
3604,judicial,16050
3605,earthquake,16050
3606,insane,16042
3607,realistic,16029
3608,assemble,16017
3609,necessity,16013
3610,horn,16012
3611,parameter,16010
3612,grip,16005
3613,modify,16000
3614,sponsor,15998
3615,mathematics,15994
3616,hallway,15988
3617,african-american,15963
3618,liability,15952
3619,crawl,15944
3620,theoretical,15943
3621,condemn,15942
3622,fluid,15938
3623,homeland,15934
3624,technological,15934
3625,exam,15933
3626,anchor,15923
3627,spell,15921
3628,considering,15896
3629,conscious,15895
3630,vitamin,15887
3631,known,15885
3632,hostage,15872
3633,actively,15862
3634,mill,15859
3635,teenage,15845
3636,retrieve,15830
3637,processing,15825
3638,sentiment,15815
3639,offering,15814
3640,oral,15805
3641,convinced,15803
3642,photography,15803
3643,coin,15797
3644,laptop,15796
3645,bounce,15792
3646,goodness,15790
3647,affiliation,15784
3648,punch,15780
3649,burst,15772
3650,bee,15760
3651,blessing,15758
3652,continuous,15752
3653,landing,15743
3654,repair,15742
3655,ritual,15737
3656,bath,15725
3657,sneak,15716
3658,historically,15703
3659,mud,15699
3660,scan,15695
3661,reminder,15692
3662,hers,15685
3663,slavery,15684
3664,supervisor,15672
3665,quantity,15672
3666,olympics,15664
3667,pleasant,15653
3668,slope,15651
3669,skirt,15648
3670,outlet,15645
3671,curtain,15640
3672,declaration,15635
3673,seal,15632
3674,immune,15631
3675,calendar,15617
3676,paragraph,15612
3677,identical,15611
3678,regret,15607
3679,quest,15593
3680,entrepreneur,15581
3681,specify,15567
3682,stumble,15561
3683,clay,15557
3684,noon,15551
3685,elbow,15543
3686,outstanding,15537
3687,uh-huh,15532
3688,unity,15519
3689,manipulate,15513
3690,airplane,15512
3691,portfolio,15509
3692,mysterious,15507
3693,delicious,15506
3694,northwest,15505
3695,sweat,15505
3696,profound,15497
3697,treasure,15484
3698,flour,15472
3699,lightly,15472
3700,rally,15471
3701,default,15454
3702,alongside,15454
3703,hug,15443
3704,isolate,15433
3705,exploration,15421
3706,limb,15391
3707,enroll,15391
3708,outer,15390
3709,charter,15390
3710,southwest,15385
3711,arena,15361
3712,witch,15359
3713,upcoming,15358
3714,someday,15352
3715,forty,15352
3716,unite,15351
3717,courtesy,15350
3718,statue,15343
3719,fist,15331
3720,castle,15330
3721,precise,15330
3722,squad,15328
3723,cruise,15327
3724,legally,15315
3725,embassy,15303
3726,patience,15298
3727,thereby,15288
3728,bush,15262
3729,purple,15255
3730,electrical,15225
3731,outfit,15213
3732,cage,15211
3733,retired,15207
3734,shark,15207
3735,lobby,15206
3736,sidewalk,15203
3737,runner,15188
3738,ankle,15182
3739,attraction,15180
3740,artificial,15142
3741,indigenous,15139
3742,mercy,15139
3743,slap,15130
3744,dancer,15125
3745,candle,15125
3746,sexually,15120
3747,needle,15115
3748,hidden,15111
3749,suburb,15106
3750,chronicle,15106
3751,toxic,15101
3752,underlying,15095
3753,sensor,15084
3754,deploy,15082
3755,debut,15081
3756,magnitude,15074
3757,suspicion,15070
3758,colonial,15065
3759,icon,15065
3760,grandma,15063
3761,info,15051
3762,jurisdiction,15049
3763,iranian,15043
3764,parade,15028
3765,archive,15007
3766,gifted,15000
3767,rage,14996
3768,outdoor,14995
3769,ending,14992
3770,loop,14987
3771,altogether,14986
3772,burning,14976
3773,reception,14976
3774,crush,14968
3775,premise,14964
3776,deem,14964
3777,automatic,14953
3778,whale,14947
3779,mechanical,14945
3780,credibility,14944
3781,drain,14944
3782,drift,14941
3783,loyalty,14935
3784,promising,14933
3785,tide,14929
3786,traveler,14928
3787,grief,14918
3788,metaphor,14916
3789,skull,14911
3790,pursuit,14909
3791,therapist,14907
3792,backup,14904
3793,workplace,14897
3794,instinct,14894
3795,export,14889
3796,bleed,14888
3797,seventh,14877
3798,fixed,14876
3799,broadcast,14871
3800,disclose,14858
3801,execution,14857
3802,pal,14857
3803,chuckle,14855
3804,density,14854
3805,correction,14850
3806,kinda,14792
3807,relieve,14789
3808,teammate,14789
3809,corridor,14779
3810,enthusiasm,14777
3811,extended,14776
3812,alright,14773
3813,panic,14761
3814,pad,14749
3815,bid,14746
3816,mild,14741
3817,productivity,14732
3818,tuck,14721
3819,railroad,14713
3820,frozen,14710
3821,minimize,14707
3822,amid,14704
3823,inspection,14686
3824,cab,14672
3825,expected,14670
3826,nonsense,14670
3827,leap,14664
3828,rider,14637
3829,theology,14636
3830,terrific,14632
3831,accent,14628
3832,invitation,14626
3833,liar,14604
3834,oversee,14601
3835,awkward,14591
3836,registration,14577
3837,suburban,14577
3838,momentum,14567
3839,instantly,14557
3840,clerk,14547
3841,chin,14538
3842,hockey,14536
3843,laser,14523
3844,proposition,14515
3845,rob,14506
3846,beam,14505
3847,ancestor,14501
3848,creativity,14474
3849,verse,14470
3850,casual,14469
3851,objection,14466
3852,clever,14465
3853,shove,14456
3854,revolutionary,14456
3855,carbohydrate,14454
3856,steam,14454
3857,reportedly,14446
3858,forehead,14437
3859,resume,14434
3860,sheep,14430
3861,carpet,14417
3862,cloth,14408
3863,interior,14401
3864,full-time,14401
3865,questionnaire,14392
3866,departure,14389
3867,behalf,14387
3868,diplomatic,14381
3869,graph,14381
3870,thief,14374
3871,herb,14373
3872,subsidy,14371
3873,fossil,14345
3874,patrol,14342
3875,pulse,14341
3876,mechanic,14340
3877,cattle,14338
3878,screening,14328
3879,continuing,14322
3880,electoral,14322
3881,supposedly,14318
3882,dignity,14312
3883,prophet,14308
3884,commentary,14305
3885,serving,14291
3886,safely,14286
3887,homework,14277
3888,allegedly,14263
3889,android,14261
3890,alpha,14253
3891,insert,14249
3892,mortality,14244
3893,contend,14242
3894,elephant,14238
3895,solely,14236
3896,continent,14230
3897,ecosystem,14216
3898,olive,14192
3899,syndrome,14192
3900,abstract,14180
3901,accusation,14179
3902,coming,14178
3903,sock,14170
3904,pickup,14166
3905,shuttle,14163
3906,improved,14162
3907,calculation,14158
3908,innovative,14152
3909,demographic,14150
3910,accommodate,14139
3911,jaw,14133
3912,unfair,14132
3913,tragic,14131
3914,comprise,14123
3915,faster,14118
3916,nutrition,14118
3917,mentor,14114
3918,stance,14103
3919,rabbit,14099
3920,dot,14080
3921,contributor,14076
3922,cooperate,14075
3923,disk,14075
3924,hesitate,14073
3925,offend,14068
3926,exploit,14067
3927,compel,14061
3928,likelihood,14049
3929,sibling,14047
3930,southeast,14046
3931,gorgeous,14044
3932,undertake,14043
3933,painter,14037
3934,residential,14034
3935,counterpart,14033
3936,believer,14032
3937,lamp,14028
3938,inmate,14023
3939,thoroughly,14022
3940,freak,14012
3941,filter,14005
3942,pillow,14004
3943,orbit,14003
3944,purse,13998
3945,likewise,13985
3946,cease,13982
3947,passing,13970
3948,vanish,13944
3949,instructional,13944
3950,clause,13942
3951,mentally,13939
3952,pond,13934
3953,neutral,13933
3954,shield,13931
3955,popularity,13929
3956,cartoon,13928
3957,authorize,13916
3958,combined,13905
3959,graphic,13890
3960,darling,13887
3961,traditionally,13886
3962,vendor,13880
3963,poorly,13877
3964,conceive,13868
3965,opt,13862
3966,descend,13861
3967,firmly,13854
3968,beloved,13852
3969,openly,13834
3970,gathering,13824
3971,fever,13809
3972,preach,13805
3973,interfere,13797
3974,arrow,13796
3975,required,13778
3976,capitalism,13777
3977,fork,13767
3978,meantime,13763
3979,presumably,13762
3980,racist,13749
3981,illusion,13749
3982,removal,13735
3983,anxious,13723
3984,organism,13713
3985,awake,13699
3986,sculpture,13689
3987,spare,13687
3988,harassment,13671
3989,diminish,13670
3990,drum,13670
3991,helmet,13668
3992,certificate,13657
3993,tribal,13656
3994,mmm,13644
3995,sadly,13633
3996,cart,13625
3997,spy,13625
3998,sunlight,13624
3999,delete,13618
4000,rookie,13617
4001,clarify,13616
4002,hunger,13609
4003,practitioner,13606
4004,performer,13603
4005,protective,13603
4006,jar,13598
4007,programming,13597
4008,dawn,13590
4009,salmon,13579
4010,census,13578
4011,accomplishment,13575
4012,conscience,13568
4013,fortunately,13552
4014,minimal,13549
4015,molecule,13548
4016,supportive,13543
4017,sole,13543
4018,threshold,13540
4019,inventory,13538
4020,comply,13533
4021,monetary,13532
4022,transport,13531
4023,shy,13525
4024,drill,13524
4025,influential,13513
4026,verbal,13499
4027,ranking,13487
4028,gram,13479
4029,grasp,13477
4030,puzzle,13476
4031,envelope,13474
4032,classify,13459
4033,enact,13451
4034,unfortunate,13445
4035,scatter,13444
4036,cure,13442
4037,readily,13430
4038,discount,13415
4039,addiction,13411
4040,worthy,13410
4041,emerging,13410
4042,marker,13409
4043,juror,13406
4044,blend,13390
4045,businessman,13380
4046,premium,13379
4047,retailer,13374
4048,liver,13374
4049,pirate,13368
4050,protester,13352
4051,outlook,13350
4052,elder,13336
4053,gallon,13333
4054,additionally,13324
4055,ignorance,13323
4056,chemistry,13323
4057,sometime,13317
4058,weed,13310
4059,babe,13309
4060,fraction,13308
4061,conversion,13304
4062,tolerate,13298
4063,drown,13296
4064,merit,13286
4065,citizenship,13283
4066,coordinator,13280
4067,validity,13278
4068,lightning,13272
4069,turtle,13267
4070,ambition,13267
4071,worldwide,13263
4072,sail,13257
4073,added,13256
4074,delicate,13248
4075,comic,13245
4076,soap,13244
4077,hostile,13242
4078,instruct,13240
4079,shortage,13236
4080,useless,13235
4081,booth,13234
4082,diary,13233
4083,gasp,13228
4084,suspicious,13224
4085,transit,13220
4086,excite,13219
4087,publishing,13216
4088,curiosity,13208
4089,grid,13205
4090,rolling,13198
4091,bow,13189
4092,disclosure,13185
4093,cruel,13185
4094,rival,13176
4095,denial,13171
4096,secular,13171
4097,speculation,13167
4098,sympathy,13166
4099,tender,13158
4100,inappropriate,13156
4101,o'clock,13146
4102,sodium,13145
4103,bang,13122
4104,challenging,13118
4105,ipad,13111
4106,sack,13104
4107,barn,13093
4108,reliability,13090
4109,hormone,13088
4110,footage,13085
4111,carve,13085
4112,alley,13070
4113,coastal,13059
4114,cafe,13055
4115,partial,13052
4116,flexible,13049
4117,experienced,13044
4118,mixed,13032
4119,vampire,13030
4120,optimistic,13027
4121,dessert,13024
4122,well-being,13022
4123,northeast,13021
4124,specialize,13006
4125,fleet,13005
4126,availability,13004
4127,compliance,12998
4128,pin,12991
4129,pork,12986
4130,astronomer,12976
4131,forbid,12965
4132,installation,12961
4133,boil,12959
4134,nest,12951
4135,exclusively,12948
4136,goat,12944
4137,shallow,12943
4138,equip,12943
4139,equivalent,12941
4140,betray,12934
4141,willingness,12933
4142,banker,12931
4143,interval,12928
4144,gasoline,12925
4145,encouraging,12925
4146,bucket,12920
4147,theft,12907
4148,laundry,12903
4149,constraint,12902
4150,dying,12893
4151,hatred,12892
4152,jewelry,12891
4153,migration,12885
4154,invention,12883
4155,loving,12868
4156,revenge,12868
4157,unprecedented,12862
4158,outline,12859
4159,sheer,12854
4160,halloween,12852
4161,sweetheart,12849
4162,spit,12849
4163,lazy,12843
4164,intimate,12841
4165,defender,12834
4166,technically,12830
4167,peanut,12808
4168,unclear,12805
4169,piss,12791
4170,workout,12786
4171,wilderness,12785
4172,compelling,12784
4173,eleven,12779
4174,backyard,12774
4175,partially,12770
4176,alike,12770
4177,guardian,12766
4178,passionate,12756
4179,scripture,12756
4180,midst,12746
4181,ideological,12746
4182,thrive,12742
4183,sensitivity,12741
4184,emotionally,12733
4185,ignorant,12730
4186,explicitly,12728
4187,unfold,12727
4188,headache,12724
4189,eternal,12724
4190,chop,12715
4191,ego,12711
4192,spectacular,12709
4193,deposit,12707
4194,verdict,12702
4195,accountability,12699
4196,nominate,12699
4197,civic,12697
4198,uncover,12692
4199,critique,12684
4200,aisle,12675
4201,tropical,12673
4202,annually,12669
4203,eighth,12667
4204,blast,12661
4205,corrupt,12648
4206,compassion,12648
4207,scratch,12637
4208,verify,12629
4209,offender,12622
4210,inherit,12611
4211,strive,12596
4212,chunk,12574
4213,appreciation,12571
4214,canvas,12570
4215,short-term,12550
4216,proceedings,12549
4217,magical,12544
4218,loyal,12539
4219,aah,12535
4220,desperately,12530
4221,throne,12528
4222,brutal,12526
4223,spite,12519
4224,propaganda,12518
4225,irony,12516
4226,soda,12515
4227,projection,12504
4228,dutch,12496
4229,parental,12490
4230,disabled,12489
4231,collector,12480
4232,re-election,12476
4233,disappointment,12475
4234,happily,12458
4235,steep,12454
4236,fancy,12450
4237,listener,12445
4238,whip,12443
4239,drawer,12435
4240,heck,12434
4241,developmental,12433
4242,ash,12427
4243,socially,12426
4244,stamp,12425
4245,courtroom,12425
4246,solo,12423
4247,trainer,12418
4248,induce,12416
4249,anytime,12412
4250,morality,12409
4251,syrian,12405
4252,pipeline,12400
4253,bride,12400
4254,instant,12399
4255,spark,12395
4256,doorway,12395
4257,interface,12393
4258,learner,12390
4259,casino,12390
4260,placement,12390
4261,flexibility,12388
4262,cord,12388
4263,conception,12388
4264,thou,12383
4265,elegant,12371
4266,flaw,12369
4267,locker,12368
4268,peel,12364
4269,plea,12345
4270,goddamn,12338
4271,import,12336
4272,stack,12330
4273,gosh,12320
4274,philosophical,12320
4275,junk,12319
4276,bicycle,12317
4277,vocal,12312
4278,destiny,12299
4279,chew,12299
4280,ambitious,12298
4281,unbelievable,12297
4282,halfway,12286
4283,jealous,12285
4284,sphere,12268
4285,invade,12265
4286,excessive,12254
4287,countless,12253
4288,sunset,12247
4289,accounting,12243
4290,faithful,12238
4291,freely,12225
4292,extract,12222
4293,adaptation,12219
4294,ray,12217
4295,depressed,12214
4296,wagon,12213
4297,emperor,12213
4298,columnist,12211
4299,jungle,12210
4300,embarrassed,12208
4301,trillion,12205
4302,breeze,12205
4303,foster,12185
4304,venue,12178
4305,discourage,12176
4306,disturbing,12172
4307,riot,12165
4308,isolation,12165
4309,explicit,12162
4310,commodity,12158
4311,attendance,12157
4312,tab,12156
4313,consequently,12152
4314,dough,12151
4315,streak,12142
4316,silk,12138
4317,similarity,12128
4318,steak,12124
4319,dancing,12121
4320,petition,12115
4321,viable,12111
4322,breathing,12110
4323,mm,12103
4324,balloon,12102
4325,monument,12094
4326,cue,12092
4327,sleeve,12091
4328,toll,12080
4329,reluctant,12077
4330,warrant,12077
4331,stiff,12076
4332,softly,12072
4333,tattoo,12072
4334,graduation,12066
4335,deliberately,12064
4336,consecutive,12059
4337,upgrade,12053
4338,accurately,12052
4339,strictly,12034
4340,leak,12029
4341,casualty,12017
4342,risky,12017
4343,banana,12015
4344,blank,12014
4345,beneficial,12013
4346,shrink,12008
4347,rude,11999
4348,chat,11999
4349,rack,11999
4350,usage,11995
4351,testament,11993
4352,browser,11987
4353,processor,11981
4354,thigh,11981
4355,perceived,11974
4356,talking,11958
4357,merchant,11955
4358,quantum,11949
4359,eyebrow,11943
4360,surrounding,11942
4361,vocabulary,11941
4362,ashamed,11937
4363,eh,11934
4364,radar,11932
4365,stunning,11930
4366,murderer,11928
4367,burger,11920
4368,collar,11916
4369,align,11912
4370,textbook,11905
4371,sensation,11903
4372,afterward,11893
4373,charm,11889
4374,sunny,11889
4375,hammer,11886
4376,keyboard,11885
4377,persist,11880
4378,wheat,11877
4379,predator,11876
4380,bizarre,11875
